-- --------------------------------------------------------
-- Host:                         127.0.0.1
-- Server version:               8.0.30 - MySQL Community Server - GPL
-- Server OS:                    Win64
-- HeidiSQL Version:             12.1.0.6537
-- --------------------------------------------------------

/*!40101 SET @OLD_CHARACTER_SET_CLIENT=@@CHARACTER_SET_CLIENT */;
/*!40101 SET NAMES utf8 */;
/*!50503 SET NAMES utf8mb4 */;
/*!40103 SET @OLD_TIME_ZONE=@@TIME_ZONE */;
/*!40103 SET TIME_ZONE='+00:00' */;
/*!40014 SET @OLD_FOREIGN_KEY_CHECKS=@@FOREIGN_KEY_CHECKS, FOREIGN_KEY_CHECKS=0 */;
/*!40101 SET @OLD_SQL_MODE=@@SQL_MODE, SQL_MODE='NO_AUTO_VALUE_ON_ZERO' */;
/*!40111 SET @OLD_SQL_NOTES=@@SQL_NOTES, SQL_NOTES=0 */;

-- Dumping structure for table rajawali.absensi
CREATE TABLE IF NOT EXISTS `absensi` (
  `id` int NOT NULL AUTO_INCREMENT,
  `user_id` int NOT NULL,
  `username` varchar(255) CHARACTER SET utf8mb4 COLLATE utf8mb4_general_ci NOT NULL,
  `kampus` varchar(255) CHARACTER SET utf8mb4 COLLATE utf8mb4_general_ci DEFAULT NULL,
  `status_absensi` varchar(20) CHARACTER SET utf8mb4 COLLATE utf8mb4_general_ci DEFAULT 'hadir',
  `tanggal_absensi` date NOT NULL,
  `waktu_absensi` time NOT NULL,
  `foto_absensi` varchar(255) CHARACTER SET utf8mb4 COLLATE utf8mb4_general_ci DEFAULT NULL,
  `keterangan` text CHARACTER SET utf8mb4 COLLATE utf8mb4_general_ci,
  `created_at` timestamp NOT NULL DEFAULT CURRENT_TIMESTAMP,
  PRIMARY KEY (`id`),
  KEY `user_id` (`user_id`),
  CONSTRAINT `absensi_ibfk_1` FOREIGN KEY (`user_id`) REFERENCES `users` (`id`) ON DELETE CASCADE
) ENGINE=InnoDB AUTO_INCREMENT=306 DEFAULT CHARSET=utf8mb4 COLLATE=utf8mb4_general_ci;

-- Dumping data for table rajawali.absensi: ~305 rows (approximately)
INSERT INTO `absensi` (`id`, `user_id`, `username`, `kampus`, `status_absensi`, `tanggal_absensi`, `waktu_absensi`, `foto_absensi`, `keterangan`, `created_at`) VALUES
	(1, 7, 'guntur guruh surah negara', 'Kampus 1', 'hadir', '2025-07-15', '23:17:31', 'absensi_68767f1b5ed47_1752596251_1000336643.jpg', NULL, '2025-07-15 16:17:31'),
	(2, 54, 'azna', NULL, 'izin', '2025-07-18', '16:03:15', NULL, 'izin karena latihan panahan persiapan seleksi BK-PORPROV JABAR 2025 &amp; Pertandingan di Bandung bulan Agustus', '2025-07-18 09:03:15'),
	(3, 36, 'Alfi Widya Kinanti', 'Kampus 1', 'hadir', '2025-07-18', '16:24:06', 'absensi_687a12b6d78e7_1752830646_IMG_20250718_162328.jpg', NULL, '2025-07-18 09:24:06'),
	(4, 44, 'nabilla putri', 'Kampus 1', 'hadir', '2025-07-18', '16:25:22', 'absensi_687a13029374e_1752830722_17528306925254356126721209675786.jpg', NULL, '2025-07-18 09:25:22'),
	(5, 26, 'Salman Nurikhsan', 'Kampus 1', 'hadir', '2025-07-18', '16:32:05', 'absensi_687a1495a3392_1752831125_IMG_20250718_163152.jpg', NULL, '2025-07-18 09:32:05'),
	(6, 35, 'rifdaaaa', 'Kampus 2', 'hadir', '2025-07-18', '16:32:07', 'absensi_687a1497451bd_1752831127_IMG_3866.jpeg', NULL, '2025-07-18 09:32:07'),
	(7, 14, 'Rama maulidan akbar', 'Kampus 1', 'hadir', '2025-07-18', '16:32:11', 'absensi_687a149b99f4b_1752831131_17528311097615429979565862018827.jpg', NULL, '2025-07-18 09:32:11'),
	(8, 27, 'RAFFI AHMAD FAUZI NASUTION', 'Kampus 1', 'hadir', '2025-07-18', '16:32:17', 'absensi_687a14a1325fd_1752831137_image.jpg', NULL, '2025-07-18 09:32:17'),
	(9, 50, 'muhammad almer', 'Kampus 1', 'hadir', '2025-07-18', '16:32:36', 'absensi_687a14b442b35_1752831156_image.jpg', NULL, '2025-07-18 09:32:36'),
	(10, 43, 'Athaya Zarifah', 'Kampus 1', 'hadir', '2025-07-18', '16:32:39', 'absensi_687a14b72cc40_1752831159_17528310962527409065659078492782.jpg', NULL, '2025-07-18 09:32:39'),
	(11, 10, 'firya h', 'Kampus 1', 'hadir', '2025-07-18', '16:32:50', 'absensi_687a14c2765c5_1752831170_1752831210107304118001673902036.jpg', NULL, '2025-07-18 09:32:50'),
	(12, 15, 'Raditya ario', 'Kampus 1', 'hadir', '2025-07-18', '16:32:53', 'absensi_687a14c5351e4_1752831173_1000281641.jpg', NULL, '2025-07-18 09:32:53'),
	(13, 18, 'bungazuhro', 'Kampus 1', 'hadir', '2025-07-18', '16:32:55', 'absensi_687a14c765e39_1752831175_IMG_1118.jpeg', NULL, '2025-07-18 09:32:55'),
	(14, 12, 'Andhara', 'Kampus 1', 'hadir', '2025-07-18', '16:32:55', 'absensi_687a14c793332_1752831175_17528311002631225266967791498130.jpg', NULL, '2025-07-18 09:32:55'),
	(15, 25, 'adjoy', 'Kampus 1', 'hadir', '2025-07-18', '16:33:01', 'absensi_687a14cdf015c_1752831181_17528311196854607131691456917985.jpg', NULL, '2025-07-18 09:33:01'),
	(16, 41, 'raplehensem', 'Kampus 1', 'hadir', '2025-07-18', '16:33:08', 'absensi_687a14d4a6e82_1752831188_IMG_20250718_163234.jpg', NULL, '2025-07-18 09:33:08'),
	(17, 51, 'Sandrica', 'Kampus 1', 'hadir', '2025-07-18', '16:33:09', 'absensi_687a14d514522_1752831189_IMG_2788.jpeg', NULL, '2025-07-18 09:33:09'),
	(18, 13, 'Anandita Cipta Rinjani', 'Kampus 1', 'hadir', '2025-07-18', '16:33:26', 'absensi_687a14e675fe8_1752831206_1AC64AAE-99A1-4B5F-AE2C-91000922E3D0.jpeg', NULL, '2025-07-18 09:33:26'),
	(19, 45, 'azzura', 'Kampus 1', 'hadir', '2025-07-18', '16:34:17', 'absensi_687a151945147_1752831257_17528312041107553415740586208583.jpg', NULL, '2025-07-18 09:34:17'),
	(20, 7, 'guntur guruh surah negara', 'Kampus 1', 'hadir', '2025-07-18', '16:34:19', 'absensi_687a151bdd294_1752831259_1000339417.jpg', NULL, '2025-07-18 09:34:19'),
	(21, 55, 'hafiz pratama', 'Kampus 1', 'hadir', '2025-07-18', '16:34:33', 'absensi_687a152981c61_1752831273_1000131688.jpg', NULL, '2025-07-18 09:34:33'),
	(22, 52, 'anggiep', 'Kampus 1', 'hadir', '2025-07-18', '16:35:07', 'absensi_687a154ba3e0f_1752831307_1000495408.jpg', NULL, '2025-07-18 09:35:07'),
	(23, 16, 'Muhammad Daffa Ferdian', 'Kampus 1', 'hadir', '2025-07-18', '16:35:13', 'absensi_687a15511f68e_1752831313_17528312936241979687014588361483.jpg', NULL, '2025-07-18 09:35:13'),
	(24, 40, 'Sopii', 'Kampus 1', 'hadir', '2025-07-18', '16:35:28', 'absensi_687a1560344ec_1752831328_image.jpg', NULL, '2025-07-18 09:35:28'),
	(25, 47, 'dirul', 'Kampus 1', 'hadir', '2025-07-18', '16:36:07', 'absensi_687a1587664f3_1752831367_1000159588.jpg', NULL, '2025-07-18 09:36:07'),
	(26, 53, 'Fachri Aliansyah', 'Kampus 1', 'hadir', '2025-07-18', '16:37:37', 'absensi_687a15e1156ef_1752831457_17528314276941205838912949824757.jpg', NULL, '2025-07-18 09:37:37'),
	(27, 9, 'MAHDY MAULID', 'Kampus 1', 'hadir', '2025-07-18', '16:37:54', 'absensi_687a15f2984c0_1752831474_1000228836.jpg', NULL, '2025-07-18 09:37:54'),
	(28, 28, 'Amanda Nazwa', NULL, 'sakit', '2025-07-18', '16:39:27', NULL, 'sakit demam ', '2025-07-18 09:39:27'),
	(29, 37, 'raraa', NULL, 'izin', '2025-07-18', '16:39:37', NULL, 'Acara keluarga', '2025-07-18 09:39:37'),
	(30, 42, 'wafafafa', NULL, 'sakit', '2025-07-18', '16:42:55', NULL, 'izin karena sedang sakit flu', '2025-07-18 09:42:55'),
	(31, 48, 'Kiara anandhita', NULL, 'sakit', '2025-07-18', '16:46:33', NULL, 'Sakit demam', '2025-07-18 09:46:33'),
	(32, 8, 'Dianberliana', NULL, 'izin', '2025-07-18', '16:48:35', NULL, 'Ziarah makam ayah', '2025-07-18 09:48:35'),
	(33, 38, 'naylalala', NULL, 'izin', '2025-07-18', '16:51:39', NULL, 'izin pelatih akang/teteh saya izin dikarenakan ada acara keluarga ', '2025-07-18 09:51:39'),
	(34, 32, 'Nayfa', NULL, 'izin', '2025-07-18', '16:57:00', NULL, 'izin karena sedang melakukan tugas intra', '2025-07-18 09:57:00'),
	(35, 23, 'aisyah', 'Kampus 2', 'hadir', '2025-07-18', '17:12:58', 'absensi_687a1e2a2ca04_1752833578_17528335370657514478016988670165.jpg', NULL, '2025-07-18 10:12:58'),
	(36, 34, 'Abina Ramadhani', 'Kampus 2', 'hadir', '2025-07-18', '17:16:36', 'absensi_687a1f043340d_1752833796_17528337406236316064199099913980.jpg', NULL, '2025-07-18 10:16:36'),
	(37, 20, 'irgi nur faraj', NULL, 'sakit', '2025-07-18', '17:17:10', NULL, 'Tidak di izinkan dokter untuk melakukan aktivitas yang mengeluarkan keringat ', '2025-07-18 10:17:10'),
	(38, 30, 'naomirenata', NULL, 'izin', '2025-07-18', '17:25:36', NULL, 'izin karena ada acara keluarga di Jakarta', '2025-07-18 10:25:36'),
	(39, 29, 'vffiorenza', NULL, 'izin', '2025-07-18', '17:26:26', NULL, 'izin karena ada acara keluarga', '2025-07-18 10:26:26'),
	(40, 39, 'M Rayhan Al-Fajri', NULL, 'sakit', '2025-07-18', '17:43:19', NULL, 'Kurang enak badan ', '2025-07-18 10:43:19'),
	(41, 47, 'dirul', 'Kampus 1', 'hadir', '2025-07-25', '16:20:38', 'absensi_68834c66ae94b_1753435238_1000160831.jpg', NULL, '2025-07-25 09:20:38'),
	(42, 27, 'RAFFI AHMAD FAUZI NASUTION', 'Kampus 1', 'hadir', '2025-07-25', '16:20:47', 'absensi_68834c6f4beed_1753435247_IMG_4496.jpeg', NULL, '2025-07-25 09:20:47'),
	(43, 51, 'Sandrica', 'Kampus 1', 'hadir', '2025-07-25', '16:21:05', 'absensi_68834c817ab0e_1753435265_IMG_2894.jpeg', NULL, '2025-07-25 09:21:05'),
	(44, 9, 'MAHDY MAULID', 'Kampus 1', 'hadir', '2025-07-25', '16:21:09', 'absensi_68834c857afa6_1753435269_1000242793.jpg', NULL, '2025-07-25 09:21:09'),
	(45, 15, 'Raditya ario', 'Kampus 1', 'hadir', '2025-07-25', '16:21:29', 'absensi_68834c99a2707_1753435289_1000283486.jpg', NULL, '2025-07-25 09:21:29'),
	(46, 18, 'bungazuhro', 'Kampus 1', 'hadir', '2025-07-25', '16:21:37', 'absensi_68834ca12eece_1753435297_image.jpg', NULL, '2025-07-25 09:21:37'),
	(47, 26, 'Salman Nurikhsan', 'Kampus 1', 'hadir', '2025-07-25', '16:21:38', 'absensi_68834ca245353_1753435298_image.jpg', NULL, '2025-07-25 09:21:38'),
	(48, 12, 'Andhara', 'Kampus 1', 'hadir', '2025-07-25', '16:21:41', 'absensi_68834ca5b386f_1753435301_17534352427918145183975994060075.jpg', NULL, '2025-07-25 09:21:41'),
	(49, 10, 'firya h', 'Kampus 1', 'hadir', '2025-07-25', '16:21:53', 'absensi_68834cb194e84_1753435313_17534354057792308519207952850406.jpg', NULL, '2025-07-25 09:21:53'),
	(50, 35, 'rifdaaaa', 'Kampus 1', 'hadir', '2025-07-25', '16:22:04', 'absensi_68834cbcc1dc6_1753435324_image.jpg', NULL, '2025-07-25 09:22:04'),
	(51, 40, 'Sopii', 'Kampus 1', 'hadir', '2025-07-25', '16:22:05', 'absensi_68834cbd9392c_1753435325_17534352329858294993059470383091.jpg', NULL, '2025-07-25 09:22:05'),
	(52, 7, 'guntur guruh surah negara', 'Kampus 1', 'hadir', '2025-07-25', '16:22:10', 'absensi_68834cc2150dc_1753435330_1000347506.jpg', NULL, '2025-07-25 09:22:10'),
	(53, 22, 'Dhiya Elora Ramadhani', 'Kampus 1', 'hadir', '2025-07-25', '16:22:11', 'absensi_68834cc3da0a2_1753435331_17534352550986650596632582414715.jpg', NULL, '2025-07-25 09:22:11'),
	(54, 36, 'Alfi Widya Kinanti', 'Kampus 1', 'hadir', '2025-07-25', '16:22:12', 'absensi_68834cc435ce8_1753435332_IMG_20250725_162142.jpg', NULL, '2025-07-25 09:22:12'),
	(55, 32, 'Nayfa', 'Kampus 2', 'hadir', '2025-07-25', '16:22:42', 'absensi_68834ce2bfb3d_1753435362_17534353141814285612443655268908.jpg', NULL, '2025-07-25 09:22:42'),
	(56, 55, 'hafiz pratama', 'Kampus 1', 'hadir', '2025-07-25', '16:22:43', 'absensi_68834ce310d45_1753435363_1000132771.jpg', NULL, '2025-07-25 09:22:43'),
	(57, 49, 'Akbar', 'Kampus 1', 'hadir', '2025-07-25', '16:23:02', 'absensi_68834cf6dc867_1753435382_1000400920.jpg', NULL, '2025-07-25 09:23:02'),
	(58, 38, 'naylalala', 'Kampus 2', 'hadir', '2025-07-25', '16:23:13', 'absensi_68834d014f772_1753435393_17534352779947892295022301292394.jpg', NULL, '2025-07-25 09:23:13'),
	(59, 19, 'AMANDA', 'Kampus 1', 'hadir', '2025-07-25', '16:23:15', 'absensi_68834d032ca00_1753435395_1000705410.jpg', NULL, '2025-07-25 09:23:15'),
	(60, 25, 'adjoy', 'Kampus 1', 'hadir', '2025-07-25', '16:23:24', 'absensi_68834d0c5371b_1753435404_17534353504721884726541249837907.jpg', NULL, '2025-07-25 09:23:24'),
	(61, 46, 'm.dzaki faidlurrahman', 'Kampus 1', 'hadir', '2025-07-25', '16:23:33', 'absensi_68834d15a6d1f_1753435413_17534353840642670610642219590749.jpg', NULL, '2025-07-25 09:23:33'),
	(62, 28, 'Amanda Nazwa', 'Kampus 2', 'hadir', '2025-07-25', '16:23:40', 'absensi_68834d1ca4a60_1753435420_1000045090.jpg', NULL, '2025-07-25 09:23:40'),
	(63, 33, 'Muhamad fauzan Ahyar', 'Kampus 2', 'hadir', '2025-07-25', '16:24:14', 'absensi_68834d3ecc8cd_1753435454_image.jpg', NULL, '2025-07-25 09:24:14'),
	(64, 14, 'Rama maulidan akbar', 'Kampus 1', 'hadir', '2025-07-25', '16:24:47', 'absensi_68834d5f1b33d_1753435487_1753435341521542409332942205519.jpg', NULL, '2025-07-25 09:24:47'),
	(65, 48, 'Kiara anandhita', 'Kampus 1', 'hadir', '2025-07-25', '16:24:49', 'absensi_68834d616ed59_1753435489_IMG-20250717-WA0033.jpg', NULL, '2025-07-25 09:24:49'),
	(66, 16, 'Muhammad Daffa Ferdian', 'Kampus 1', 'hadir', '2025-07-25', '16:24:51', 'absensi_68834d634d713_1753435491_1753435445923641743459389056821.jpg', NULL, '2025-07-25 09:24:51'),
	(67, 43, 'Athaya Zarifah', 'Kampus 1', 'hadir', '2025-07-25', '16:25:42', 'absensi_68834d96b264e_1753435542_17534354768663211844356300229740.jpg', NULL, '2025-07-25 09:25:42'),
	(68, 23, 'aisyah', 'Kampus 1', 'hadir', '2025-07-25', '16:26:23', 'absensi_68834dbf8c403_1753435583_17534355642228860584307155348537.jpg', NULL, '2025-07-25 09:26:23'),
	(69, 21, 'Reisha', 'Kampus 1', 'hadir', '2025-07-25', '16:31:10', 'absensi_68834ede356db_1753435870_1000160833.jpg', NULL, '2025-07-25 09:31:10'),
	(70, 50, 'muhammad almer', 'Kampus 1', 'hadir', '2025-07-25', '16:35:05', 'absensi_68834fc9829eb_1753436105_image.jpg', NULL, '2025-07-25 09:35:05'),
	(71, 42, 'wafafafa', 'Kampus 2', 'hadir', '2025-07-25', '16:37:07', 'absensi_688350439e8cf_1753436227_17534361985932676517394820445689.jpg', NULL, '2025-07-25 09:37:07'),
	(72, 34, 'Abina Ramadhani', 'Kampus 1', 'hadir', '2025-07-25', '17:01:53', 'absensi_6883561170d28_1753437713_17534373305768683835845937578885.jpg', NULL, '2025-07-25 10:01:53'),
	(73, 13, 'Anandita Cipta Rinjani', 'Kampus 1', 'hadir', '2025-07-25', '17:03:21', 'absensi_68835669f00b6_1753437801_image.jpg', NULL, '2025-07-25 10:03:21'),
	(74, 45, 'azzura', 'Kampus 1', 'hadir', '2025-07-25', '17:07:40', 'absensi_6883576ca776e_1753438060_image.jpg', NULL, '2025-07-25 10:07:40'),
	(75, 12, 'Andhara', 'Kampus 1', 'hadir', '2025-08-08', '16:18:59', 'absensi_6895c10366cc0_1754644739_1754644709532223268590247182156.jpg', NULL, '2025-08-08 09:18:59'),
	(76, 52, 'anggiep', 'Kampus 1', 'hadir', '2025-08-08', '16:19:31', 'absensi_6895c123c9b38_1754644771_1000520200.jpg', NULL, '2025-08-08 09:19:31'),
	(77, 51, 'Sandrica', 'Kampus 1', 'hadir', '2025-08-08', '16:19:49', 'absensi_6895c1355a70b_1754644789_IMG_3438.jpeg', NULL, '2025-08-08 09:19:49'),
	(78, 43, 'Athaya Zarifah', 'Kampus 1', 'hadir', '2025-08-08', '16:19:51', 'absensi_6895c1378436e_1754644791_17546447607993230789321425058778.jpg', NULL, '2025-08-08 09:19:51'),
	(79, 48, 'Kiara anandhita', 'Kampus 1', 'hadir', '2025-08-08', '16:29:53', 'absensi_6895c391305c4_1754645393_1000005216.jpg', NULL, '2025-08-08 09:29:53'),
	(80, 32, 'Nayfa', 'Kampus 2', 'hadir', '2025-08-08', '16:30:09', 'absensi_6895c3a1a281d_1754645409_1754645350778412940683330763149.jpg', NULL, '2025-08-08 09:30:09'),
	(81, 9, 'MAHDY MAULID', 'Kampus 1', 'hadir', '2025-08-08', '16:30:21', 'absensi_6895c3ad18a48_1754645421_1000268578.jpg', NULL, '2025-08-08 09:30:21'),
	(82, 28, 'Amanda Nazwa', 'Kampus 2', 'hadir', '2025-08-08', '16:30:30', 'absensi_6895c3b66c6a5_1754645430_1000050024.jpg', NULL, '2025-08-08 09:30:30'),
	(83, 46, 'm.dzaki faidlurrahman', 'Kampus 1', 'hadir', '2025-08-08', '16:30:48', 'absensi_6895c3c859812_1754645448_17546454198832681087104607942975.jpg', NULL, '2025-08-08 09:30:48'),
	(84, 18, 'bungazuhro', 'Kampus 1', 'hadir', '2025-08-08', '16:31:02', 'absensi_6895c3d6458f2_1754645462_image.jpg', NULL, '2025-08-08 09:31:02'),
	(85, 15, 'Raditya ario', 'Kampus 1', 'hadir', '2025-08-08', '16:31:13', 'absensi_6895c3e1e8f2b_1754645473_1000287168.jpg', NULL, '2025-08-08 09:31:13'),
	(86, 21, 'Reisha', 'Kampus 1', 'hadir', '2025-08-08', '16:31:21', 'absensi_6895c3e970847_1754645481_image.jpg', NULL, '2025-08-08 09:31:21'),
	(87, 10, 'firya h', 'Kampus 1', 'hadir', '2025-08-08', '16:31:25', 'absensi_6895c3edf36c5_1754645485_17546455717617780150415237406865.jpg', NULL, '2025-08-08 09:31:25'),
	(88, 50, 'muhammad almer', 'Kampus 1', 'hadir', '2025-08-08', '16:31:44', 'absensi_6895c4007c15b_1754645504_image.jpg', NULL, '2025-08-08 09:31:44'),
	(89, 40, 'Sopii', 'Kampus 1', 'hadir', '2025-08-08', '16:31:47', 'absensi_6895c4036c66d_1754645507_17546454682944783135575018590525.jpg', NULL, '2025-08-08 09:31:47'),
	(90, 13, 'Anandita Cipta Rinjani', 'Kampus 1', 'hadir', '2025-08-08', '16:32:05', 'absensi_6895c415c071e_1754645525_image.jpg', NULL, '2025-08-08 09:32:05'),
	(91, 33, 'Muhamad fauzan Ahyar', 'Kampus 2', 'hadir', '2025-08-08', '16:32:06', 'absensi_6895c416f2e76_1754645526_17546455126927906245508727971989.jpg', NULL, '2025-08-08 09:32:06'),
	(92, 20, 'irgi nur faraj', 'Kampus 1', 'hadir', '2025-08-08', '16:32:15', 'absensi_6895c41fbdf8d_1754645535_1000184592.jpg', NULL, '2025-08-08 09:32:15'),
	(93, 49, 'Akbar', 'Kampus 1', 'hadir', '2025-08-08', '16:32:29', 'absensi_6895c42d65125_1754645549_1000405372.jpg', NULL, '2025-08-08 09:32:29'),
	(94, 7, 'guntur guruh surah negara', 'Kampus 1', 'hadir', '2025-08-08', '16:32:44', 'absensi_6895c43c47569_1754645564_1000362309.jpg', NULL, '2025-08-08 09:32:44'),
	(95, 30, 'naomirenata', 'Kampus 2', 'hadir', '2025-08-08', '16:33:04', 'absensi_6895c450ccf61_1754645584_1000045725.jpg', NULL, '2025-08-08 09:33:04'),
	(96, 11, 'nnanaaqila', 'Kampus 2', 'hadir', '2025-08-08', '16:33:12', 'absensi_6895c45836c87_1754645592_17546455273992974086591084130884.jpg', NULL, '2025-08-08 09:33:12'),
	(97, 39, 'M Rayhan Al-Fajri', 'Kampus 2', 'hadir', '2025-08-08', '16:33:46', 'absensi_6895c47aad8e1_1754645626_17546455793841888716930547469935.jpg', NULL, '2025-08-08 09:33:46'),
	(98, 45, 'azzura', 'Kampus 1', 'hadir', '2025-08-08', '16:33:48', 'absensi_6895c47c3c95d_1754645628_17546455914324809047331119226480.jpg', NULL, '2025-08-08 09:33:48'),
	(99, 16, 'Muhammad Daffa Ferdian', 'Kampus 1', 'hadir', '2025-08-08', '16:33:59', 'absensi_6895c4870912b_1754645639_1000184593.jpg', NULL, '2025-08-08 09:33:59'),
	(100, 47, 'dirul', 'Kampus 1', 'hadir', '2025-08-08', '16:35:34', 'absensi_6895c4e616d31_1754645734_1000163424.jpg', NULL, '2025-08-08 09:35:34'),
	(101, 25, 'adjoy', NULL, 'izin', '2025-08-08', '16:51:45', NULL, 'izin kerja kelompok ', '2025-08-08 09:51:45'),
	(102, 36, 'Alfi Widya Kinanti', 'Kampus 1', 'hadir', '2025-08-08', '16:52:00', 'absensi_6895c8c0acf70_1754646720_IMG_20250808_161910.jpg', NULL, '2025-08-08 09:52:00'),
	(103, 14, 'Rama maulidan akbar', NULL, 'izin', '2025-08-08', '16:52:40', NULL, 'ada kerkom', '2025-08-08 09:52:40'),
	(104, 26, 'Salman Nurikhsan', NULL, 'izin', '2025-08-08', '16:53:33', NULL, 'ada kerja kelpmpok dengan rama dan adji', '2025-08-08 09:53:33'),
	(105, 34, 'Abina Ramadhani', 'Kampus 1', 'hadir', '2025-08-08', '18:32:37', 'absensi_6895e0556ac43_1754652757_17546527282682687767264301707993.jpg', NULL, '2025-08-08 11:32:37'),
	(106, 35, 'rifdaaaa', NULL, 'sakit', '2025-08-15', '16:32:07', NULL, 'demam,pusing\r\n', '2025-08-15 09:32:07'),
	(107, 39, 'M Rayhan Al-Fajri', NULL, 'sakit', '2025-08-15', '19:37:08', NULL, 'Kurang enak badan', '2025-08-15 12:37:08'),
	(108, 12, 'Andhara', 'Kampus 1', 'hadir', '2025-08-22', '16:01:02', 'absensi_68a831ce30f6c_1755853262_17558532025736060927019309646897.jpg', NULL, '2025-08-22 09:01:02'),
	(109, 48, 'Kiara anandhita', 'Kampus 1', 'hadir', '2025-08-22', '16:01:14', 'absensi_68a831da2d80e_1755853274_1000009625.jpg', NULL, '2025-08-22 09:01:14'),
	(110, 51, 'Sandrica', 'Kampus 1', 'hadir', '2025-08-22', '16:01:26', 'absensi_68a831e6f1fb5_1755853286_IMG_4258.jpeg', NULL, '2025-08-22 09:01:26'),
	(111, 22, 'Dhiya Elora Ramadhani', 'Kampus 1', 'hadir', '2025-08-22', '16:02:25', 'absensi_68a8322163157_1755853345_20250822_160035.jpg', NULL, '2025-08-22 09:02:25'),
	(112, 10, 'firya h', 'Kampus 1', 'hadir', '2025-08-22', '16:06:54', 'absensi_68a8332ed5c7c_1755853614_17558537293758128156579225074800.jpg', NULL, '2025-08-22 09:06:54'),
	(113, 21, 'Reisha', 'Kampus 1', 'hadir', '2025-08-22', '16:16:49', 'absensi_68a83581de0d1_1755854209_image.jpg', NULL, '2025-08-22 09:16:49'),
	(114, 52, 'anggiep', 'Kampus 1', 'hadir', '2025-08-22', '16:18:27', 'absensi_68a835e3c0967_1755854307_1000538874.jpg', NULL, '2025-08-22 09:18:27'),
	(115, 41, 'raplehensem', 'Kampus 1', 'hadir', '2025-08-22', '16:18:47', 'absensi_68a835f7f0c38_1755854327_17558542970116818095903242391044.jpg', NULL, '2025-08-22 09:18:47'),
	(116, 47, 'dirul', 'Kampus 1', 'hadir', '2025-08-22', '16:18:57', 'absensi_68a836012e745_1755854337_image.jpg', NULL, '2025-08-22 09:18:57'),
	(117, 40, 'Sopii', 'Kampus 1', 'hadir', '2025-08-22', '16:19:15', 'absensi_68a83613d2f57_1755854355_1755854308999736015848406370623.jpg', NULL, '2025-08-22 09:19:15'),
	(118, 50, 'muhammad almer', 'Kampus 1', 'hadir', '2025-08-22', '16:19:48', 'absensi_68a83634b01b8_1755854388_17558543799615882467691165919995.jpg', NULL, '2025-08-22 09:19:48'),
	(119, 7, 'guntur guruh surah negara', 'Kampus 1', 'hadir', '2025-08-22', '16:20:20', 'absensi_68a83654d7859_1755854420_1000379495.jpg', NULL, '2025-08-22 09:20:20'),
	(120, 30, 'naomirenata', 'Kampus 2', 'hadir', '2025-08-22', '16:20:52', 'absensi_68a83674f0421_1755854452_1000052734.jpg', NULL, '2025-08-22 09:20:52'),
	(121, 26, 'Salman Nurikhsan', 'Kampus 1', 'hadir', '2025-08-22', '16:21:05', 'absensi_68a83681cf851_1755854465_17558544536102845310300452177689.jpg', NULL, '2025-08-22 09:21:05'),
	(122, 15, 'Raditya ario', 'Kampus 1', 'hadir', '2025-08-22', '16:21:06', 'absensi_68a83682ee4e5_1755854466_1000291647.jpg', NULL, '2025-08-22 09:21:06'),
	(123, 9, 'MAHDY MAULID', 'Kampus 1', 'hadir', '2025-08-22', '16:21:26', 'absensi_68a836969bd13_1755854486_1000297051.jpg', NULL, '2025-08-22 09:21:26'),
	(124, 55, 'hafiz pratama', 'Kampus 1', 'hadir', '2025-08-22', '16:22:10', 'absensi_68a836c25a45f_1755854530_1000141192.jpg', NULL, '2025-08-22 09:22:10'),
	(125, 24, 'chelliandra valerie', 'Kampus 1', 'hadir', '2025-08-22', '16:23:49', 'absensi_68a837259087e_1755854629_1000236797.jpg', NULL, '2025-08-22 09:23:49'),
	(126, 36, 'Alfi Widya Kinanti', 'Kampus 1', 'hadir', '2025-08-22', '16:23:53', 'absensi_68a837292e146_1755854633_IMG_20250822_162313.jpg', NULL, '2025-08-22 09:23:53'),
	(127, 16, 'Muhammad Daffa Ferdian', 'Kampus 1', 'hadir', '2025-08-22', '16:24:14', 'absensi_68a8373e206c6_1755854654_17558545499855210819420043109757.jpg', NULL, '2025-08-22 09:24:14'),
	(128, 64, 'Safa Salsabila Fauziyah', 'Kampus 1', 'hadir', '2025-08-22', '16:24:14', 'absensi_68a8373e22adf_1755854654_1000166729.jpg', NULL, '2025-08-22 09:24:14'),
	(129, 76, 'shelfani ramadhina', 'Kampus 1', 'hadir', '2025-08-22', '16:25:10', 'absensi_68a83776f1ec0_1755854710_17558546664952257894368505896592.jpg', NULL, '2025-08-22 09:25:10'),
	(130, 84, 'Agitsni Raisa R', 'Kampus 1', 'hadir', '2025-08-22', '16:25:13', 'absensi_68a837792df68_1755854713_17558546626967946467286888281739.jpg', NULL, '2025-08-22 09:25:13'),
	(131, 65, 'sabrina humaira sakhi', 'Kampus 1', 'hadir', '2025-08-22', '16:25:20', 'absensi_68a837801b17b_1755854720_1000286860.jpg', NULL, '2025-08-22 09:25:20'),
	(132, 69, 'Nazwa Nurhikmah', 'Kampus 1', 'hadir', '2025-08-22', '16:25:31', 'absensi_68a8378b60135_1755854731_1000116135.jpg', NULL, '2025-08-22 09:25:31'),
	(133, 81, 'Zahiya kamilia', 'Kampus 1', 'hadir', '2025-08-22', '16:25:34', 'absensi_68a8378e3a2c6_1755854734_17558546539318713904376551065098.jpg', NULL, '2025-08-22 09:25:34'),
	(134, 60, 'Pradita Prameswari Putri Rahayu', 'Kampus 1', 'hadir', '2025-08-22', '16:26:09', 'absensi_68a837b10296f_1755854769_1000244364.jpg', NULL, '2025-08-22 09:26:09'),
	(135, 13, 'Anandita Cipta Rinjani', 'Kampus 1', 'hadir', '2025-08-22', '16:26:28', 'absensi_68a837c41d724_1755854788_image.jpg', NULL, '2025-08-22 09:26:28'),
	(136, 91, 'nur yuliana zahra', 'Kampus 1', 'hadir', '2025-08-22', '16:26:30', 'absensi_68a837c64d5a8_1755854790_17558547488488167023708405611481.jpg', NULL, '2025-08-22 09:26:30'),
	(137, 39, 'M Rayhan Al-Fajri', NULL, 'izin', '2025-08-22', '16:26:54', NULL, 'Mau fokus belajar ada lomba mtk', '2025-08-22 09:26:54'),
	(138, 77, 'safira', 'Kampus 1', 'hadir', '2025-08-22', '16:27:51', 'absensi_68a838175e4d6_1755854871_IMG_7489.jpeg', NULL, '2025-08-22 09:27:51'),
	(139, 32, 'Nayfa', 'Kampus 2', 'hadir', '2025-08-22', '16:28:45', 'absensi_68a8384da75fa_1755854925_17558549060977371946691456192781.jpg', NULL, '2025-08-22 09:28:45'),
	(140, 25, 'adjoy', NULL, 'sakit', '2025-08-22', '17:20:35', NULL, 'mual mual', '2025-08-22 10:20:35'),
	(141, 46, 'm.dzaki faidlurrahman', NULL, 'izin', '2025-08-22', '17:43:55', NULL, 'izin karena sedang merekap nilai perlombaan 17 agustus', '2025-08-22 10:43:55'),
	(142, 63, 'Nadya Aulia Ningsih', 'Kampus 1', 'hadir', '2025-08-22', '17:57:11', 'absensi_68a84d07187af_1755860231_736744AD-072F-468A-AD43-4B6254C06EDE.jpeg', NULL, '2025-08-22 10:57:11'),
	(143, 28, 'Amanda Nazwa', 'Kampus 2', 'hadir', '2025-08-27', '16:47:25', 'absensi_68aed42d4bfeb_1756288045_1000058399.jpg', NULL, '2025-08-27 09:47:25'),
	(144, 38, 'naylalala', 'Kampus 2', 'hadir', '2025-08-27', '16:48:19', 'absensi_68aed4635f070_1756288099_17562880785603432792228553305733.jpg', NULL, '2025-08-27 09:48:19'),
	(145, 30, 'naomirenata', 'Kampus 2', 'hadir', '2025-08-27', '16:48:23', 'absensi_68aed4677a07a_1756288103_1000054648.jpg', NULL, '2025-08-27 09:48:23'),
	(146, 32, 'Nayfa', 'Kampus 2', 'hadir', '2025-08-27', '16:48:32', 'absensi_68aed470e24d4_1756288112_17562880877592762394938056228260.jpg', NULL, '2025-08-27 09:48:32'),
	(147, 11, 'nnanaaqila', 'Kampus 2', 'hadir', '2025-08-27', '16:49:05', 'absensi_68aed4918ea4a_1756288145_17562881242498209333107307575178.jpg', NULL, '2025-08-27 09:49:05'),
	(148, 23, 'aisyah', 'Kampus 2', 'hadir', '2025-08-27', '16:49:38', 'absensi_68aed4b280a3d_1756288178_175628816171585287677815600505.jpg', NULL, '2025-08-27 09:49:38'),
	(149, 35, 'rifdaaaa', 'Kampus 2', 'hadir', '2025-08-27', '16:50:04', 'absensi_68aed4cc9e0c0_1756288204_image.jpg', NULL, '2025-08-27 09:50:04'),
	(150, 34, 'Abina Ramadhani', 'Kampus 2', 'hadir', '2025-08-27', '17:31:43', 'absensi_68aede8fb7599_1756290703_17562906658699074633310071450644.jpg', NULL, '2025-08-27 10:31:43'),
	(151, 45, 'azzura', 'Kampus 2', 'hadir', '2025-08-27', '17:35:34', 'absensi_68aedf763f41a_1756290934_17562908939217803307978313055767.jpg', NULL, '2025-08-27 10:35:34'),
	(152, 51, 'Sandrica', 'Kampus 1', 'hadir', '2025-08-29', '15:43:17', 'absensi_68b16825c28dc_1756456997_IMG_4567.jpeg', NULL, '2025-08-29 08:43:17'),
	(153, 36, 'Alfi Widya Kinanti', 'Kampus 1', 'hadir', '2025-08-29', '15:53:49', 'absensi_68b16a9ddb419_1756457629_IMG_20250829_155251.jpg', NULL, '2025-08-29 08:53:49'),
	(154, 12, 'Andhara', 'Kampus 1', 'hadir', '2025-08-29', '15:58:34', 'absensi_68b16bba64618_1756457914_17564578752005080741047232207027.jpg', NULL, '2025-08-29 08:58:34'),
	(155, 48, 'Kiara anandhita', 'Kampus 1', 'hadir', '2025-08-29', '15:58:37', 'absensi_68b16bbd29c7a_1756457917_1000011386.jpg', NULL, '2025-08-29 08:58:37'),
	(156, 52, 'anggiep', 'Kampus 1', 'hadir', '2025-08-29', '15:59:08', 'absensi_68b16bdcc4159_1756457948_1000547617.jpg', NULL, '2025-08-29 08:59:08'),
	(157, 24, 'chelliandra valerie', 'Kampus 1', 'hadir', '2025-08-29', '15:59:25', 'absensi_68b16bed802de_1756457965_1000245632.jpg', NULL, '2025-08-29 08:59:25'),
	(158, 43, 'Athaya Zarifah', 'Kampus 1', 'hadir', '2025-08-29', '16:00:26', 'absensi_68b16c2a17413_1756458026_17564579050032979423742692241595.jpg', NULL, '2025-08-29 09:00:26'),
	(159, 46, 'm.dzaki faidlurrahman', 'Kampus 1', 'hadir', '2025-08-29', '16:00:30', 'absensi_68b16c2ed3e96_1756458030_17564580187682495962546912620550.jpg', NULL, '2025-08-29 09:00:30'),
	(160, 18, 'bungazuhro', 'Kampus 1', 'hadir', '2025-08-29', '16:01:30', 'absensi_68b16c6a11ee8_1756458090_image.jpg', NULL, '2025-08-29 09:01:30'),
	(161, 89, 'Wafa alya', 'Kampus 1', 'hadir', '2025-08-29', '16:01:37', 'absensi_68b16c711ffc4_1756458097_17564580472492003993743704489386.jpg', NULL, '2025-08-29 09:01:37'),
	(162, 91, 'nur yuliana zahra', 'Kampus 1', 'hadir', '2025-08-29', '16:07:07', 'absensi_68b16dbb63940_1756458427_17564580919742823429017706385251.jpg', NULL, '2025-08-29 09:07:07'),
	(163, 10, 'firya h', 'Kampus 1', 'hadir', '2025-08-29', '16:09:45', 'absensi_68b16e5966396_1756458585_17564587122617989649963296414943.jpg', NULL, '2025-08-29 09:09:45'),
	(164, 16, 'Muhammad Daffa Ferdian', 'Kampus 1', 'hadir', '2025-08-29', '16:09:47', 'absensi_68b16e5b9696a_1756458587_17564585760087263395880750209232.jpg', NULL, '2025-08-29 09:09:47'),
	(165, 9, 'MAHDY MAULID', 'Kampus 1', 'hadir', '2025-08-29', '16:10:16', 'absensi_68b16e78ae28e_1756458616_1000310734.jpg', NULL, '2025-08-29 09:10:16'),
	(166, 7, 'guntur guruh surah negara', 'Kampus 1', 'hadir', '2025-08-29', '16:10:22', 'absensi_68b16e7e51b2e_1756458622_1000387255.jpg', NULL, '2025-08-29 09:10:22'),
	(167, 41, 'raplehensem', 'Kampus 1', 'hadir', '2025-08-29', '16:10:47', 'absensi_68b16e9785c3e_1756458647_17564586329124694009250891385886.jpg', NULL, '2025-08-29 09:10:47'),
	(168, 15, 'Raditya ario', 'Kampus 1', 'hadir', '2025-08-29', '16:12:03', 'absensi_68b16ee3417c1_1756458723_1000293692.jpg', NULL, '2025-08-29 09:12:03'),
	(169, 21, 'Reisha', 'Kampus 1', 'hadir', '2025-08-29', '16:12:36', 'absensi_68b16f047941e_1756458756_IMG_20250829_161206.jpg', NULL, '2025-08-29 09:12:36'),
	(170, 25, 'adjoy', 'Kampus 1', 'hadir', '2025-08-29', '16:13:32', 'absensi_68b16f3c659a0_1756458812_17564587721486199223565473581893.jpg', NULL, '2025-08-29 09:13:32'),
	(171, 20, 'irgi nur faraj', 'Kampus 1', 'hadir', '2025-08-29', '16:16:17', 'absensi_68b16fe12aa16_1756458977_1000196119.jpg', NULL, '2025-08-29 09:16:17'),
	(172, 63, 'Nadya Aulia Ningsih', NULL, 'sakit', '2025-08-29', '16:19:24', NULL, 'ga hadir sekolah, sakit karna lagi demam ????????', '2025-08-29 09:19:24'),
	(173, 64, 'Safa Salsabila Fauziyah', 'Kampus 1', 'hadir', '2025-08-29', '17:34:28', 'absensi_68b18234a2a33_1756463668_1000169785.jpg', NULL, '2025-08-29 10:34:28'),
	(174, 63, 'Nadya Aulia Ningsih', NULL, 'sakit', '2025-08-30', '08:51:50', NULL, 'maaf kang/teh aku izin buat ga ikutan latihan karna kondisi belum fit di rawat di rs tamrin, aku bakal ngejar materi yang ketinggalan ????????????????', '2025-08-30 01:51:50'),
	(175, 24, 'chelliandra valerie', 'Kampus 1', 'hadir', '2025-09-10', '16:31:01', 'absensi_68c1455567102_1757496661_1000261217.jpg', NULL, '2025-09-10 09:31:01'),
	(176, 69, 'Nazwa Nurhikmah', 'Kampus 1', 'hadir', '2025-09-10', '16:32:27', 'absensi_68c145ab46edb_1757496747_1000138351.jpg', NULL, '2025-09-10 09:32:27'),
	(177, 51, 'Sandrica', 'Kampus 1', 'hadir', '2025-09-19', '15:32:07', 'absensi_68cd1507ac2df_1758270727_IMG_5400.jpeg', NULL, '2025-09-19 08:32:07'),
	(178, 35, 'rifdaaaa', NULL, 'izin', '2025-09-19', '16:00:31', NULL, 'izin karena ada acara keluarga ', '2025-09-19 09:00:31'),
	(179, 48, 'Kiara anandhita', NULL, 'izin', '2025-09-19', '16:03:15', NULL, 'Izin kerja kelompok tata busana', '2025-09-19 09:03:15'),
	(180, 36, 'Alfi Widya Kinanti', 'Kampus 1', 'hadir', '2025-09-19', '16:03:29', 'absensi_68cd1c61ce990_1758272609_IMG_20250919_160311.jpg', NULL, '2025-09-19 09:03:29'),
	(181, 23, 'aisyah', NULL, 'izin', '2025-09-19', '16:05:43', NULL, 'tidak di perbolehkan orang tua', '2025-09-19 09:05:43'),
	(182, 13, 'Anandita Cipta Rinjani', NULL, 'sakit', '2025-09-19', '16:06:29', NULL, 'Demam', '2025-09-19 09:06:29'),
	(183, 39, 'M Rayhan Al-Fajri', NULL, 'sakit', '2025-09-19', '16:07:04', NULL, 'Demam', '2025-09-19 09:07:04'),
	(184, 27, 'RAFFI AHMAD FAUZI NASUTION', NULL, 'sakit', '2025-09-19', '16:07:33', NULL, 'Izin kang teh/ saya sakit tipes sudah dari hari senin ????????', '2025-09-19 09:07:33'),
	(185, 45, 'azzura', NULL, 'izin', '2025-09-19', '16:09:15', NULL, 'izin krna ada KPO dan lanjut les', '2025-09-19 09:09:15'),
	(186, 12, 'Andhara', NULL, 'sakit', '2025-09-19', '16:10:11', NULL, 'Kram haid dan ga enak badan', '2025-09-19 09:10:11'),
	(187, 84, 'Agitsni Raisa R', 'Kampus 1', 'hadir', '2025-09-19', '16:12:06', 'absensi_68cd1e660e259_1758273126_175827307546798790762970893879.jpg', NULL, '2025-09-19 09:12:06'),
	(188, 25, 'adjoy', NULL, 'sakit', '2025-09-19', '16:12:06', NULL, 'meriang+batuk+pilek', '2025-09-19 09:12:06'),
	(189, 69, 'Nazwa Nurhikmah', 'Kampus 1', 'hadir', '2025-09-19', '16:12:07', 'absensi_68cd1e67f3e0a_1758273127_1000147754.jpg', NULL, '2025-09-19 09:12:08'),
	(190, 22, 'Dhiya Elora Ramadhani', 'Kampus 1', 'hadir', '2025-09-19', '16:12:14', 'absensi_68cd1e6e3f60c_1758273134_IMG-20250919-WA0041.jpg', NULL, '2025-09-19 09:12:14'),
	(191, 76, 'shelfani ramadhina', 'Kampus 1', 'hadir', '2025-09-19', '16:12:18', 'absensi_68cd1e72c16ec_1758273138_17582730853176056288710164452068.jpg', NULL, '2025-09-19 09:12:18'),
	(192, 60, 'Pradita Prameswari Putri Rahayu', 'Kampus 1', 'hadir', '2025-09-19', '16:12:25', 'absensi_68cd1e7969ab8_1758273145_1000282348.jpg', NULL, '2025-09-19 09:12:25'),
	(193, 77, 'safira', 'Kampus 1', 'hadir', '2025-09-19', '16:12:34', 'absensi_68cd1e82312cd_1758273154_IMG_8445.jpeg', NULL, '2025-09-19 09:12:34'),
	(194, 43, 'Athaya Zarifah', NULL, 'izin', '2025-09-19', '16:12:42', NULL, 'Acara Keluarga', '2025-09-19 09:12:42'),
	(195, 65, 'sabrina humaira sakhi', 'Kampus 1', 'hadir', '2025-09-19', '16:12:45', 'absensi_68cd1e8dc4a5a_1758273165_1000307755.jpg', NULL, '2025-09-19 09:12:45'),
	(196, 15, 'Raditya ario', 'Kampus 1', 'hadir', '2025-09-19', '16:12:48', 'absensi_68cd1e909eeb6_1758273168_1000299398.jpg', NULL, '2025-09-19 09:12:48'),
	(197, 41, 'raplehensem', 'Kampus 1', 'hadir', '2025-09-19', '16:12:49', 'absensi_68cd1e91ec0fb_1758273169_1758273147715547919519385502135.jpg', NULL, '2025-09-19 09:12:49'),
	(198, 81, 'Zahiya kamilia', 'Kampus 1', 'hadir', '2025-09-19', '16:12:52', 'absensi_68cd1e94bdab3_1758273172_17582731376731611516665462337930.jpg', NULL, '2025-09-19 09:12:52'),
	(199, 49, 'Akbar', 'Kampus 1', 'hadir', '2025-09-19', '16:13:01', 'absensi_68cd1e9d6dce5_1758273181_1000424360.jpg', NULL, '2025-09-19 09:13:01'),
	(200, 9, 'MAHDY MAULID', 'Kampus 1', 'hadir', '2025-09-19', '16:13:27', 'absensi_68cd1eb7512bd_1758273207_1000364794.jpg', NULL, '2025-09-19 09:13:27'),
	(201, 52, 'anggiep', 'Kampus 1', 'hadir', '2025-09-19', '16:13:35', 'absensi_68cd1ebf1eab0_1758273215_1000572757.jpg', NULL, '2025-09-19 09:13:35'),
	(202, 18, 'bungazuhro', 'Kampus 1', 'hadir', '2025-09-19', '16:13:39', 'absensi_68cd1ec333ebd_1758273219_image.jpg', NULL, '2025-09-19 09:13:39'),
	(203, 24, 'chelliandra valerie', 'Kampus 1', 'hadir', '2025-09-19', '16:13:47', 'absensi_68cd1ecb94b58_1758273227_1000270814.jpg', NULL, '2025-09-19 09:13:47'),
	(204, 99, 'Rifki Zidni Alfiyani', 'Kampus 1', 'hadir', '2025-09-19', '16:13:50', 'absensi_68cd1ece20e25_1758273230_IMG_8808.jpeg', NULL, '2025-09-19 09:13:50'),
	(205, 26, 'Salman Nurikhsan', 'Kampus 1', 'hadir', '2025-09-19', '16:14:25', 'absensi_68cd1ef1dc933_1758273265_17582732405085816764491561033335.jpg', NULL, '2025-09-19 09:14:25'),
	(206, 89, 'Wafa alya', 'Kampus 1', 'hadir', '2025-09-19', '16:14:36', 'absensi_68cd1efc16254_1758273276_17582732438324273827753510579428.jpg', NULL, '2025-09-19 09:14:36'),
	(207, 7, 'guntur guruh surah negara', 'Kampus 1', 'hadir', '2025-09-19', '16:16:01', 'absensi_68cd1f514ef51_1758273361_1000408316.jpg', NULL, '2025-09-19 09:16:01'),
	(208, 55, 'hafiz pratama', 'Kampus 1', 'hadir', '2025-09-19', '16:16:05', 'absensi_68cd1f55dc097_1758273365_1000148849.jpg', NULL, '2025-09-19 09:16:05'),
	(209, 20, 'irgi nur faraj', 'Kampus 1', 'hadir', '2025-09-19', '16:16:16', 'absensi_68cd1f6053f75_1758273376_1000206409.jpg', NULL, '2025-09-19 09:16:16'),
	(210, 16, 'Muhammad Daffa Ferdian', 'Kampus 1', 'hadir', '2025-09-19', '16:16:36', 'absensi_68cd1f7447e21_1758273396_17582732935899041766009907915470.jpg', NULL, '2025-09-19 09:16:36'),
	(211, 67, 'Ridho Sedayu', 'Kampus 1', 'hadir', '2025-09-19', '16:17:06', 'absensi_68cd1f92a9f1b_1758273426_1758273347237..jpg', NULL, '2025-09-19 09:17:06'),
	(212, 87, 'naura', 'Kampus 2', 'hadir', '2025-09-19', '16:17:12', 'absensi_68cd1f9845ba5_1758273432_IMG20250919161625.jpg', NULL, '2025-09-19 09:17:12'),
	(213, 86, 'Salsabilah Jian Az-zahra', 'Kampus 2', 'hadir', '2025-09-19', '16:17:33', 'absensi_68cd1fad85cc3_1758273453_image.jpg', NULL, '2025-09-19 09:17:33'),
	(214, 11, 'nnanaaqila', 'Kampus 2', 'hadir', '2025-09-19', '16:18:09', 'absensi_68cd1fd1e192b_1758273489_17582734002009049329223533129772.jpg', NULL, '2025-09-19 09:18:09'),
	(215, 83, 'arkan', 'Kampus 2', 'hadir', '2025-09-19', '16:18:14', 'absensi_68cd1fd6d0fe2_1758273494_17582734851564275794609417039008.jpg', NULL, '2025-09-19 09:18:14'),
	(216, 71, 'thaariq10', 'Kampus 1', 'hadir', '2025-09-19', '16:18:37', 'absensi_68cd1fed2ffac_1758273517_17582734979086379306930876360022.jpg', NULL, '2025-09-19 09:18:37'),
	(217, 40, 'Sopii', NULL, 'sakit', '2025-09-19', '16:21:51', NULL, 'sakit demam,pusing', '2025-09-19 09:21:51'),
	(218, 28, 'Amanda Nazwa', NULL, 'izin', '2025-09-19', '16:22:09', NULL, 'nemenin orang tua ke rumah sakit', '2025-09-19 09:22:09'),
	(219, 46, 'm.dzaki faidlurrahman', NULL, 'izin', '2025-09-19', '16:22:56', NULL, 'acara keluarga mendadak ', '2025-09-19 09:22:56'),
	(220, 34, 'Abina Ramadhani', 'Kampus 1', 'hadir', '2025-09-19', '16:37:29', 'absensi_68cd24595e4c7_1758274649_17582746315841778927073559158352.jpg', NULL, '2025-09-19 09:37:29'),
	(221, 10, 'firya h', 'Kampus 1', 'hadir', '2025-09-19', '17:31:37', 'absensi_68cd31094931c_1758277897_17582780097365004609743773111501.jpg', NULL, '2025-09-19 10:31:37'),
	(222, 47, 'dirul', 'Kampus 1', 'hadir', '2025-09-19', '17:37:03', 'absensi_68cd324f3e7d7_1758278223_1000175304.jpg', NULL, '2025-09-19 10:37:03'),
	(223, 64, 'Safa Salsabila Fauziyah', 'Kampus 1', 'hadir', '2025-09-19', '18:04:44', 'absensi_68cd38cc272a7_1758279884_IMG20250919175217.jpg', NULL, '2025-09-19 11:04:44'),
	(224, 68, 'Zaskya Wulandari', 'Kampus 1', 'hadir', '2025-09-19', '18:27:58', 'absensi_68cd3e3ef3d1f_1758281278_1758281229266916270254105549753.jpg', NULL, '2025-09-19 11:27:59'),
	(225, 51, 'Sandrica', 'Kampus 1', 'hadir', '2025-09-26', '15:34:23', 'absensi_68d6500fd9ace_1758875663_IMG_5683.jpeg', NULL, '2025-09-26 08:34:23'),
	(226, 71, 'thaariq10', NULL, 'sakit', '2025-09-26', '15:46:24', NULL, 'Izin tidak mengikuti latihan, dikarenakan sedang demam dan batuk pilek, terimakasih', '2025-09-26 08:46:24'),
	(227, 91, 'nur yuliana zahra', 'Kampus 1', 'hadir', '2025-09-26', '15:54:59', 'absensi_68d654e3e0fd9_1758876899_17588768592785636335807185752362.jpg', NULL, '2025-09-26 08:54:59'),
	(228, 89, 'Wafa alya', 'Kampus 1', 'hadir', '2025-09-26', '15:55:51', 'absensi_68d65517ad125_1758876951_17588769010371933648129668809431.jpg', NULL, '2025-09-26 08:55:51'),
	(229, 64, 'Safa Salsabila Fauziyah', 'Kampus 1', 'hadir', '2025-09-26', '15:57:16', 'absensi_68d6556c8cf2e_1758877036_inbound2342027489708472118.jpg', NULL, '2025-09-26 08:57:16'),
	(230, 40, 'Sopii', 'Kampus 1', 'hadir', '2025-09-26', '15:59:05', 'absensi_68d655d97012c_1758877145_IMG20250926155817.jpg', NULL, '2025-09-26 08:59:05'),
	(231, 12, 'Andhara', 'Kampus 1', 'hadir', '2025-09-26', '16:05:50', 'absensi_68d6576e9995d_1758877550_17588774799325030365511440826136.jpg', NULL, '2025-09-26 09:05:50'),
	(232, 39, 'M Rayhan Al-Fajri', NULL, 'sakit', '2025-09-26', '16:08:25', NULL, 'Pusing ', '2025-09-26 09:08:25'),
	(233, 48, 'Kiara anandhita', 'Kampus 1', 'hadir', '2025-09-26', '16:11:10', 'absensi_68d658aeb42ca_1758877870_1000019187.jpg', NULL, '2025-09-26 09:11:10'),
	(234, 27, 'RAFFI AHMAD FAUZI NASUTION', 'Kampus 1', 'hadir', '2025-09-26', '16:12:07', 'absensi_68d658e78ba77_1758877927_image.jpg', NULL, '2025-09-26 09:12:07'),
	(235, 52, 'anggiep', 'Kampus 1', 'hadir', '2025-09-26', '16:12:28', 'absensi_68d658fc86c92_1758877948_1000580180.jpg', NULL, '2025-09-26 09:12:28'),
	(236, 18, 'bungazuhro', 'Kampus 1', 'hadir', '2025-09-26', '16:12:37', 'absensi_68d65905ee40a_1758877957_image.jpg', NULL, '2025-09-26 09:12:37'),
	(237, 99, 'Rifki Zidni Alfiyani', 'Kampus 1', 'hadir', '2025-09-26', '16:12:44', 'absensi_68d6590cc6162_1758877964_IMG_9244.jpeg', NULL, '2025-09-26 09:12:44'),
	(238, 43, 'Athaya Zarifah', 'Kampus 1', 'hadir', '2025-09-26', '16:12:47', 'absensi_68d6590f85431_1758877967_17588779441417984241867190514502.jpg', NULL, '2025-09-26 09:12:47'),
	(239, 76, 'shelfani ramadhina', 'Kampus 1', 'hadir', '2025-09-26', '16:12:51', 'absensi_68d65913e6057_1758877971_17588779405032650547687555100931.jpg', NULL, '2025-09-26 09:12:51'),
	(240, 60, 'Pradita Prameswari Putri Rahayu', 'Kampus 1', 'hadir', '2025-09-26', '16:12:52', 'absensi_68d6591474461_1758877972_1000291964.jpg', NULL, '2025-09-26 09:12:52'),
	(241, 32, 'Nayfa', 'Kampus 2', 'hadir', '2025-09-26', '16:12:53', 'absensi_68d659150b6ce_1758877973_17588779374431931564091804398145.jpg', NULL, '2025-09-26 09:12:53'),
	(242, 47, 'dirul', 'Kampus 1', 'hadir', '2025-09-26', '16:12:53', 'absensi_68d6591531664_1758877973_1000176681.jpg', NULL, '2025-09-26 09:12:53'),
	(243, 21, 'Reisha', 'Kampus 1', 'hadir', '2025-09-26', '16:13:10', 'absensi_68d659267ceef_1758877990_IMG_0456.jpeg', NULL, '2025-09-26 09:13:10'),
	(244, 69, 'Nazwa Nurhikmah', 'Kampus 1', 'hadir', '2025-09-26', '16:13:36', 'absensi_68d659405a0ba_1758878016_1000155317.jpg', NULL, '2025-09-26 09:13:36'),
	(245, 24, 'chelliandra valerie', 'Kampus 1', 'hadir', '2025-09-26', '16:13:39', 'absensi_68d6594327383_1758878019_1000276094.jpg', NULL, '2025-09-26 09:13:39'),
	(246, 65, 'sabrina humaira sakhi', 'Kampus 1', 'hadir', '2025-09-26', '16:13:43', 'absensi_68d659478c245_1758878023_1000311537.jpg', NULL, '2025-09-26 09:13:43'),
	(247, 25, 'adjoy', 'Kampus 1', 'hadir', '2025-09-26', '16:13:43', 'absensi_68d65947f4071_1758878023_17588779827488105879009564832781.jpg', NULL, '2025-09-26 09:13:44'),
	(248, 77, 'safira', 'Kampus 1', 'hadir', '2025-09-26', '16:14:04', 'absensi_68d6595cbd80d_1758878044_IMG_8648.jpeg', NULL, '2025-09-26 09:14:04'),
	(249, 87, 'naura', 'Kampus 1', 'hadir', '2025-09-26', '16:14:16', 'absensi_68d6596888638_1758878056_17588779831625031663079452378443.jpg', NULL, '2025-09-26 09:14:16'),
	(250, 78, 'safwah rinjani', 'Kampus 1', 'hadir', '2025-09-26', '16:14:18', 'absensi_68d6596a5cd08_1758878058_1000139722.jpg', NULL, '2025-09-26 09:14:18'),
	(251, 86, 'Salsabilah Jian Az-zahra', 'Kampus 2', 'hadir', '2025-09-26', '16:14:19', 'absensi_68d6596b95070_1758878059_image.jpg', NULL, '2025-09-26 09:14:19'),
	(252, 81, 'Zahiya kamilia', 'Kampus 1', 'hadir', '2025-09-26', '16:14:19', 'absensi_68d6596bec7a3_1758878059_17588780235684779794182645352202.jpg', NULL, '2025-09-26 09:14:19'),
	(253, 55, 'hafiz pratama', 'Kampus 1', 'hadir', '2025-09-26', '16:14:22', 'absensi_68d6596e3dde9_1758878062_1000151111.jpg', NULL, '2025-09-26 09:14:22'),
	(254, 46, 'm.dzaki faidlurrahman', 'Kampus 1', 'hadir', '2025-09-26', '16:14:44', 'absensi_68d65984b2902_1758878084_17588780332836063895910108299839.jpg', NULL, '2025-09-26 09:14:44'),
	(255, 9, 'MAHDY MAULID', 'Kampus 1', 'hadir', '2025-09-26', '16:15:03', 'absensi_68d65997d51e3_1758878103_1000379719.jpg', NULL, '2025-09-26 09:15:03'),
	(256, 67, 'Ridho Sedayu', NULL, 'sakit', '2025-09-26', '16:16:09', NULL, 'Izin karena sakit maag', '2025-09-26 09:16:09'),
	(257, 33, 'Muhamad fauzan Ahyar', 'Kampus 2', 'hadir', '2025-09-26', '16:16:35', 'absensi_68d659f3aa160_1758878195_17588781794112626179936363554374.jpg', NULL, '2025-09-26 09:16:35'),
	(258, 102, 'Baraka wasim', 'Kampus 1', 'hadir', '2025-09-26', '16:16:46', 'absensi_68d659feb05e0_1758878206_IMG_3140.jpeg', NULL, '2025-09-26 09:16:46'),
	(259, 45, 'azzura', 'Kampus 1', 'hadir', '2025-09-26', '16:47:44', 'absensi_68d6614043eae_1758880064_IMG-20250926-WA0098.jpg', NULL, '2025-09-26 09:47:44'),
	(260, 13, 'Anandita Cipta Rinjani', 'Kampus 1', 'hadir', '2025-09-26', '16:47:57', 'absensi_68d6614d49c51_1758880077_1000143582.jpg', NULL, '2025-09-26 09:47:57'),
	(261, 44, 'nabilla putri', 'Kampus 1', 'hadir', '2025-09-26', '16:49:23', 'absensi_68d661a35c94f_1758880163_IMG-20250926-WA0103.jpg', NULL, '2025-09-26 09:49:23'),
	(262, 10, 'firya h', 'Kampus 1', 'hadir', '2025-09-26', '16:52:45', 'absensi_68d6626d94dc1_1758880365_1758880505659148640058764472583.jpg', NULL, '2025-09-26 09:52:45'),
	(263, 34, 'Abina Ramadhani', 'Kampus 1', 'hadir', '2025-09-26', '16:54:19', 'absensi_68d662cbc02b3_1758880459_17588804357453694086381753816783.jpg', NULL, '2025-09-26 09:54:19'),
	(264, 68, 'Zaskya Wulandari', 'Kampus 1', 'hadir', '2025-09-26', '17:28:49', 'absensi_68d66ae1b1063_1758882529_IMG-20250926-WA0002.jpg', NULL, '2025-09-26 10:28:49'),
	(265, 36, 'Alfi Widya Kinanti', NULL, 'sakit', '2025-09-26', '17:29:42', NULL, 'aslam saya kambuh kang/teh ', '2025-09-26 10:29:42'),
	(266, 35, 'rifdaaaa', NULL, 'sakit', '2025-10-01', '15:57:54', NULL, 'demam, tenggorokan sakitt', '2025-10-01 08:57:54'),
	(267, 22, 'Dhiya Elora Ramadhani', NULL, 'sakit', '2025-10-03', '15:19:36', NULL, 'Izin dikarenakan demam.', '2025-10-03 08:19:36'),
	(268, 51, 'Sandrica', 'Kampus 1', 'hadir', '2025-10-03', '15:21:55', 'absensi_68df87a37e57c_1759479715_IMG_6009.jpeg', NULL, '2025-10-03 08:21:55'),
	(269, 48, 'Kiara anandhita', 'Kampus 1', 'hadir', '2025-10-03', '15:51:48', 'absensi_68df8ea4e9f21_1759481508_1000021328.jpg', NULL, '2025-10-03 08:51:48'),
	(270, 36, 'Alfi Widya Kinanti', 'Kampus 1', 'hadir', '2025-10-03', '15:51:57', 'absensi_68df8ead6e252_1759481517_IMG_20251003_154915.jpg', NULL, '2025-10-03 08:51:57'),
	(271, 44, 'nabilla putri', NULL, 'sakit', '2025-10-03', '15:52:01', NULL, 'sakit ga masuk hari ini', '2025-10-03 08:52:01'),
	(272, 64, 'Safa Salsabila Fauziyah', 'Kampus 1', 'hadir', '2025-10-03', '15:52:39', 'absensi_68df8ed7348ec_1759481559_inbound1853273665354942579.jpg', NULL, '2025-10-03 08:52:39'),
	(273, 49, 'Akbar', 'Kampus 1', 'hadir', '2025-10-03', '15:55:49', 'absensi_68df8f95b9ed5_1759481749_1759481721934..jpg', NULL, '2025-10-03 08:55:49'),
	(274, 91, 'nur yuliana zahra', 'Kampus 1', 'hadir', '2025-10-03', '15:56:47', 'absensi_68df8fcfb00b7_1759481807_17594817735606823018239244800985.jpg', NULL, '2025-10-03 08:56:47'),
	(275, 40, 'Sopii', 'Kampus 1', 'hadir', '2025-10-03', '15:58:41', 'absensi_68df9041b5ab4_1759481921_IMG20251003155628.jpg', NULL, '2025-10-03 08:58:41'),
	(276, 41, 'raplehensem', 'Kampus 1', 'hadir', '2025-10-03', '15:59:46', 'absensi_68df9082303b9_1759481986_17594819745323209291488361569544.jpg', NULL, '2025-10-03 08:59:46'),
	(277, 15, 'Raditya ario', 'Kampus 1', 'hadir', '2025-10-03', '15:59:57', 'absensi_68df908dba3a1_1759481997_1000002667.jpg', NULL, '2025-10-03 08:59:57'),
	(278, 99, 'Rifki Zidni Alfiyani', 'Kampus 1', 'hadir', '2025-10-03', '16:01:08', 'absensi_68df90d4102d4_1759482068_IMG_9608.jpeg', NULL, '2025-10-03 09:01:08'),
	(279, 69, 'Nazwa Nurhikmah', 'Kampus 1', 'hadir', '2025-10-03', '16:01:23', 'absensi_68df90e318678_1759482083_1000162594.jpg', NULL, '2025-10-03 09:01:23'),
	(280, 84, 'Agitsni Raisa R', 'Kampus 1', 'hadir', '2025-10-03', '16:01:25', 'absensi_68df90e5ae069_1759482085_17594820370393826416711128950308.jpg', NULL, '2025-10-03 09:01:25'),
	(281, 24, 'chelliandra valerie', 'Kampus 1', 'hadir', '2025-10-03', '16:01:32', 'absensi_68df90ec96a22_1759482092_1000288770.jpg', NULL, '2025-10-03 09:01:32'),
	(282, 102, 'Baraka wasim', 'Kampus 1', 'hadir', '2025-10-03', '16:01:36', 'absensi_68df90f09fbf1_1759482096_IMG_3241.jpeg', NULL, '2025-10-03 09:01:36'),
	(283, 89, 'Wafa alya', 'Kampus 1', 'hadir', '2025-10-03', '16:01:46', 'absensi_68df90fa5fb0b_1759482106_17594820371481447029152000116375.jpg', NULL, '2025-10-03 09:01:46'),
	(284, 18, 'bungazuhro', 'Kampus 1', 'hadir', '2025-10-03', '16:10:29', 'absensi_68df9305d9408_1759482629_image.jpg', NULL, '2025-10-03 09:10:29'),
	(285, 81, 'Zahiya kamilia', 'Kampus 1', 'hadir', '2025-10-03', '16:10:31', 'absensi_68df93070af20_1759482631_17594825581975134100906770592877.jpg', NULL, '2025-10-03 09:10:31'),
	(286, 43, 'Athaya Zarifah', 'Kampus 1', 'hadir', '2025-10-03', '16:10:35', 'absensi_68df930b2d5ed_1759482635_17594826103588856881526734339119.jpg', NULL, '2025-10-03 09:10:35'),
	(287, 20, 'irgi nur faraj', 'Kampus 1', 'hadir', '2025-10-03', '16:10:42', 'absensi_68df9312e4283_1759482642_1000211138.jpg', NULL, '2025-10-03 09:10:42'),
	(288, 12, 'Andhara', 'Kampus 1', 'hadir', '2025-10-03', '16:11:03', 'absensi_68df932709b36_1759482663_17594826232118195465214400842415.jpg', NULL, '2025-10-03 09:11:03'),
	(289, 60, 'Pradita Prameswari Putri Rahayu', 'Kampus 1', 'hadir', '2025-10-03', '16:11:11', 'absensi_68df932f19e12_1759482671_1000300996.jpg', NULL, '2025-10-03 09:11:11'),
	(290, 16, 'Muhammad Daffa Ferdian', 'Kampus 1', 'hadir', '2025-10-03', '16:11:14', 'absensi_68df9332c577f_1759482674_17594826601867708308209367218047.jpg', NULL, '2025-10-03 09:11:14'),
	(291, 9, 'MAHDY MAULID', 'Kampus 1', 'hadir', '2025-10-03', '16:11:41', 'absensi_68df934d66f81_1759482701_1000394030.jpg', NULL, '2025-10-03 09:11:41'),
	(292, 65, 'sabrina humaira sakhi', 'Kampus 1', 'hadir', '2025-10-03', '16:12:10', 'absensi_68df936ae4bc5_1759482730_1000317278.jpg', NULL, '2025-10-03 09:12:10'),
	(293, 77, 'safira', 'Kampus 1', 'hadir', '2025-10-03', '16:12:29', 'absensi_68df937d17cb8_1759482749_IMG_8955.jpeg', NULL, '2025-10-03 09:12:29'),
	(294, 14, 'Rama maulidan akbar', 'Kampus 1', 'hadir', '2025-10-03', '16:12:35', 'absensi_68df9383eaf6a_1759482755_image.jpg', NULL, '2025-10-03 09:12:35'),
	(295, 26, 'Salman Nurikhsan', 'Kampus 1', 'hadir', '2025-10-03', '16:12:57', 'absensi_68df9399e7884_1759482777_image.jpg', NULL, '2025-10-03 09:12:57'),
	(296, 101, 'Farhat Zulhilmi', 'Kampus 1', 'hadir', '2025-10-03', '16:13:25', 'absensi_68df93b5b61a3_1759482805_17594827467136240261233896563441.jpg', NULL, '2025-10-03 09:13:25'),
	(297, 104, 'NADYA AULIANINGSIH', 'Kampus 1', 'hadir', '2025-10-03', '16:13:48', 'absensi_68df93ccd3af7_1759482828_image.jpg', NULL, '2025-10-03 09:13:48'),
	(298, 76, 'shelfani ramadhina', 'Kampus 1', 'hadir', '2025-10-03', '16:14:34', 'absensi_68df93fa255ab_1759482874_17594828419777098824993087240122.jpg', NULL, '2025-10-03 09:14:34'),
	(299, 10, 'firya h', 'Kampus 1', 'hadir', '2025-10-03', '16:15:01', 'absensi_68df9415b13f2_1759482901_17594830403371859040559294058876.jpg', NULL, '2025-10-03 09:15:01'),
	(300, 50, 'muhammad almer', 'Kampus 1', 'hadir', '2025-10-03', '16:15:44', 'absensi_68df94404f662_1759482944_image.jpg', NULL, '2025-10-03 09:15:44'),
	(301, 7, 'guntur guruh surah negara', NULL, 'izin', '2025-10-03', '16:20:05', NULL, 'medical checkup', '2025-10-03 09:20:05'),
	(302, 52, 'anggiep', NULL, 'izin', '2025-10-03', '16:47:03', NULL, 'rapat osis', '2025-10-03 09:47:03'),
	(303, 46, 'm.dzaki faidlurrahman', NULL, 'izin', '2025-10-03', '16:50:50', NULL, 'kumpul osis', '2025-10-03 09:50:50'),
	(304, 68, 'Zaskya Wulandari', 'Kampus 1', 'hadir', '2025-10-03', '18:20:24', 'absensi_68dfb17860626_1759490424_IMG-20250926-WA0002.jpg', NULL, '2025-10-03 11:20:24'),
	(305, 10, 'firya h', 'Kampus 1', 'hadir', '2025-12-05', '03:38:07', 'foto_absensi-1764967087247-251695435.png', NULL, '2025-12-05 20:38:07');

-- Dumping structure for table rajawali.calon_taruna
CREATE TABLE IF NOT EXISTS `calon_taruna` (
  `id` int NOT NULL AUTO_INCREMENT,
  `user_id` int NOT NULL,
  `username` varchar(50) CHARACTER SET utf8mb4 COLLATE utf8mb4_general_ci NOT NULL,
  `nama_lengkap` varchar(255) CHARACTER SET utf8mb4 COLLATE utf8mb4_general_ci NOT NULL,
  `jenis_kelamin` enum('Laki-laki','Perempuan') CHARACTER SET utf8mb4 COLLATE utf8mb4_general_ci DEFAULT NULL,
  `tanggal_lahir` date NOT NULL,
  `tempat_lahir` varchar(100) CHARACTER SET utf8mb4 COLLATE utf8mb4_general_ci NOT NULL,
  `tinggi_badan` int NOT NULL,
  `berat_badan` int NOT NULL,
  `nama_orangtua` varchar(255) CHARACTER SET utf8mb4 COLLATE utf8mb4_general_ci NOT NULL,
  `alamat` text CHARACTER SET utf8mb4 COLLATE utf8mb4_general_ci NOT NULL,
  `no_telepon` varchar(20) CHARACTER SET utf8mb4 COLLATE utf8mb4_general_ci NOT NULL,
  `alasan` text CHARACTER SET utf8mb4 COLLATE utf8mb4_general_ci NOT NULL,
  `surat_izin_orangtua` varchar(255) CHARACTER SET utf8mb4 COLLATE utf8mb4_general_ci DEFAULT NULL,
  `surat_keterangan_sehat` varchar(255) CHARACTER SET utf8mb4 COLLATE utf8mb4_general_ci DEFAULT NULL,
  `email` varchar(255) CHARACTER SET utf8mb4 COLLATE utf8mb4_general_ci NOT NULL,
  `pendidikan_terakhir` varchar(100) CHARACTER SET utf8mb4 COLLATE utf8mb4_general_ci NOT NULL,
  `kampus` varchar(50) CHARACTER SET utf8mb4 COLLATE utf8mb4_general_ci DEFAULT NULL,
  `kelas` varchar(50) CHARACTER SET utf8mb4 COLLATE utf8mb4_general_ci DEFAULT NULL,
  `tingkat` enum('1','2','3') CHARACTER SET utf8mb4 COLLATE utf8mb4_general_ci DEFAULT NULL,
  `foto_diri` varchar(255) CHARACTER SET utf8mb4 COLLATE utf8mb4_general_ci DEFAULT NULL,
  `pilihan_kampus` varchar(50) CHARACTER SET utf8mb4 COLLATE utf8mb4_general_ci DEFAULT NULL,
  `status` enum('pending','lolos','tidak lolos') CHARACTER SET utf8mb4 COLLATE utf8mb4_general_ci DEFAULT 'pending',
  `nomor_kta` varchar(50) CHARACTER SET utf8mb4 COLLATE utf8mb4_general_ci DEFAULT NULL,
  `tanggal_daftar` timestamp NOT NULL DEFAULT CURRENT_TIMESTAMP,
  `updated_at` timestamp NULL DEFAULT NULL ON UPDATE CURRENT_TIMESTAMP,
  PRIMARY KEY (`id`),
  UNIQUE KEY `email` (`email`),
  UNIQUE KEY `user_id` (`user_id`),
  CONSTRAINT `fk_user_id` FOREIGN KEY (`user_id`) REFERENCES `users` (`id`) ON DELETE CASCADE
) ENGINE=InnoDB AUTO_INCREMENT=94 DEFAULT CHARSET=utf8mb4 COLLATE=utf8mb4_general_ci;

-- Dumping data for table rajawali.calon_taruna: ~80 rows (approximately)
INSERT INTO `calon_taruna` (`id`, `user_id`, `username`, `nama_lengkap`, `jenis_kelamin`, `tanggal_lahir`, `tempat_lahir`, `tinggi_badan`, `berat_badan`, `nama_orangtua`, `alamat`, `no_telepon`, `alasan`, `surat_izin_orangtua`, `surat_keterangan_sehat`, `email`, `pendidikan_terakhir`, `kampus`, `kelas`, `tingkat`, `foto_diri`, `pilihan_kampus`, `status`, `nomor_kta`, `tanggal_daftar`, `updated_at`) VALUES
	(4, 7, 'guntur guruh surah negara', 'Guntur Guruh Surah Negara ', NULL, '2008-05-22', 'Bogor ', 174, 70, '0', 'mantap', '089603539350', 'mantap', 'izin_6876846b463e5_IMG-20250715-WA0029.jpg', 'sehat_6876846b4667f_IMG-20250715-WA0028.jpg', 'gunturguruhs.n@gmail.com', 'smp raden patah ', NULL, NULL, NULL, 'foto_6876846b467c1_1000336692.jpg', 'Kampus 1', 'lolos', '2507170004', '2025-07-15 16:40:11', NULL),
	(5, 8, 'Dianberliana', 'Restu Dian Berliana Wibisono', NULL, '2007-08-17', 'Jakarta', 164, 42, '0', 'Jl.Kenanga 5/34, Citayam', '085282981766', 'meningkatkan potensi diri', 'izin_68768a6bd7740_7ffba009-2e0e-4f5b-9807-8f3b3e00898e.jpeg', 'sehat_68768a6bd7a82_98dbb03c-1ffc-46d3-b361-03c1b21e07f4.jpeg', 'dianwibisono1708@gmail.com', 'SMP NEGERI 2 BOJONGGEDE', NULL, NULL, NULL, 'foto_68768a6bd7e69_Untitled design.zip - 1.png', 'Kampus 2', 'lolos', '2507150005', '2025-07-15 17:05:47', NULL),
	(7, 11, 'nnanaaqila', 'gianinna aqila azizah izzaty H', NULL, '2009-07-25', 'bogor', 162, 51, '0', 'perum bdb 2 blok AF Cibinong', '628561757376', 'Menjadi anggota paskibra bisa membantu dalam pengembangan diri, seperti meningkatkan kepercayaan diri, kemampuan fisik, dan keterampilan kepemimpinan.', 'izin_6876d693290af_IMG-20240922-WA0118.jpg', 'sehat_6876d6932955d_IMG-20250714-WA0041.jpg', 'nnanaaherman@gmail.com', 'smpit Fathan mubina ', NULL, NULL, NULL, 'foto_6876d6932969a_IMG-20250715-WA0014.jpg', 'Kampus 2', 'lolos', '2507150007', '2025-07-15 22:30:43', NULL),
	(10, 10, 'firya h', 'FIRYA HANIYA ', 'Perempuan', '2008-05-20', 'Jakarta ', 161, 55, '0', 'Kp. Padurenan RT 09/09 No. 32', '085694407779', 'ingin mengembangkan potensi diri sendiri, melatih fisik dan mental', 'surat_izin_orangtua-1764971391805-701785534.pdf', 'surat_keterangan_sehat-1764971391809-989465779.pdf', 'firyahaniya20@gmail.com', 'MAN 1 Bogor', 'Kampus 1', '8.2', '2', 'foto_diri-1764971391802-771389986.jpg', 'Kampus 1', 'lolos', '2507160010', '2025-07-15 23:28:56', '2025-12-05 21:49:51'),
	(11, 12, 'Andhara', 'Andhara putri', NULL, '2009-05-05', 'Bogor', 160, 47, '0', 'Jln pedati, Gunung putri utara', '088297708540', 'Ingin mencoba hal baru dan mengetahui apa itu paskibra', 'izin_6876e4d7192d3_Screenshot_2025-07-14-19-47-35-264_com.ss.android.ugc.trill.jpg', 'sehat_6876e4d719608_17526222720781970047370159765825.jpg', 'andharaputri@gmail.com', 'SMPIT Green Bhakti Insani', NULL, NULL, NULL, 'foto_6876e4d71a784_IMG-20250714-WA0118-removebg-preview.png', 'Kampus 1', 'lolos', '2507160011', '2025-07-15 23:31:35', NULL),
	(12, 13, 'Anandita Cipta Rinjani', 'Anandita Cipta Rinjani', NULL, '2007-08-11', 'Bogor', 163, 64, '0', 'Ds.Tlajung Udik Rt 02/14 ', '081288445798', 'ingin menjadi lebih disiplin', 'izin_6876e521a1972_D498DCCD-25AC-4BBF-A625-E63EA911EE9D.jpeg', 'sehat_6876e521a2a22_659EF32F-22E5-4FCC-ABAF-91EA01E3BA15.jpeg', 'ananditaciptarinjani@gmail.com', 'MAN 1 BOGOR', NULL, NULL, NULL, 'foto_6876e521a39c6_DA309B77-DB4D-4F11-8CD4-4AE8D34E4573.jpeg', 'Kampus 1', 'lolos', '2507160012', '2025-07-15 23:32:49', NULL),
	(13, 15, 'Raditya ario', 'Raditya Ario Danisworo', NULL, '2008-08-18', 'Banyumas', 169, 65, '0', 'Perumahan griya kalibaru ', '082210522526', 'Ingin memahami kedisiplinan serta kepemimpinan', 'izin_6876ef68c8601_IMG-20250530-WA0012.jpg', 'sehat_6876ef68c87aa_IMG-20250530-WA0012.jpg', 'radityaariodanisworo22872@gmail.com', 'SMP Negeri 6 Depok', NULL, NULL, NULL, 'foto_6876ef68c88cd_1000280700.jpg', 'Kampus 1', 'lolos', '2507160013', '2025-07-16 00:16:40', NULL),
	(15, 19, 'AMANDA', 'Amanda Syaira Virgin ', NULL, '2009-07-23', 'Depok', 156, 46, '0', 'jln cibinong tapos gg kiray', '082321730814', 'karena ingin lebih menguasai pbb ', 'izin_6877044168f26_Snapchat-365189345.jpg', 'sehat_6877044169334_Snapchat-503839652.jpg', 'mandasyaira1@gmail.com', 'MTs AL-Karimiyah ', NULL, NULL, NULL, 'foto_6877044169955_1000693248.png', 'Kampus 1', 'lolos', '2507160015', '2025-07-16 01:45:37', NULL),
	(16, 16, 'Muhammad Daffa Ferdian', 'Muhammad Daffa Ferdian ', NULL, '2007-12-09', 'Depok', 168, 50, '0', 'CILANGKAP TAPOS DEPOK', '0895609430302', 'Karena saya ingin melatih fisik dan mental', 'izin_68770b0bd8c9c_IMG_20250716_071014.jpg', 'sehat_68770b0bd9044_IMG_20250716_071014.jpg', 'daffaferdian634@gmail.com', 'SMP Islam At Tawwabin', NULL, NULL, NULL, 'foto_68770b0bd9305_IMG_20250716_071014-removebg-preview.jpg', 'Kampus 1', 'lolos', '2507160016', '2025-07-16 02:14:35', NULL),
	(17, 20, 'irgi nur faraj', 'IRGI NUR FARAJ', NULL, '2008-10-27', 'Bogor ', 170, 65, '0', 'kalimulya Cilodong Depok ', '085894506232', 'Ingin disiplin dan penuh tanggung jawab ', 'izin_68770e82a6ae5_IMG_20250716_071014.jpg', 'sehat_68770e82a6e53_IMG_20250716_071014.jpg', 'irginurfaraj08@gmail.com', 'MTsN Kota Depok', NULL, NULL, NULL, 'foto_68770e82a7104_IMG-20250716-WA0001.jpg', 'Kampus 1', 'lolos', '2507160017', '2025-07-16 02:29:22', NULL),
	(18, 21, 'Reisha', 'Reisha olivia', NULL, '2007-12-22', 'Tangerang ', 158, 50, '0', 'Perumahan villa permata mas 1 ', '08192221207', 'agar lebih di siplin', 'izin_687715d69eeb9_IMG_8412.jpeg', 'sehat_687715d6a04c5_IMG_6238.jpeg', 'reishaolivia@gmail.com', 'Man 1 bogor', NULL, NULL, NULL, 'foto_687715d6a10a1_882E89E4-5E49-47AD-BCD0-5013A5ADC156.jpeg', 'Kampus 1', 'lolos', '2507160018', '2025-07-16 03:00:38', NULL),
	(19, 23, 'aisyah', 'Aisyah Nur Fathiyah ', NULL, '2008-05-31', 'Palembang ', 154, 69, '0', 'Villa Mutiara Bogor 2', '6285811353582', 'biar menjadi gege', 'izin_68772771a8ff4_1752555674324.jpg', 'sehat_68772771a957f_1752555674324.jpg', 'aisyahnurtiyah@gmail.com', 'MtsN 3 Bogor ', NULL, NULL, NULL, 'foto_68772771a9a5e_IMG-20250715-WA0021~3-removebg.jpg', 'Kampus 2', 'lolos', '2507170019', '2025-07-16 04:15:45', NULL),
	(20, 14, 'Rama maulidan akbar', 'Rama maulidan akbar', NULL, '2009-03-25', 'Bogor', 165, 49, '0', 'kp.kaum, citeureup', '082113122005', 'ingin menjadi siswa yang berprestasi dalam bidang non akademik', 'izin_687732b93e0a9_IMG-20250716-WA0018.jpg', 'sehat_687732b93e226_IMG-20250716-WA0002.jpg', 'ramamaulidan75@gmail.com', 'SMPIT AL-UTSMANIYAH', NULL, NULL, NULL, 'foto_687732b93e404_IMG-20250125-WA0196-removebg-preview.jpg', 'Kampus 1', 'lolos', '2507170020', '2025-07-16 05:03:53', NULL),
	(21, 25, 'adjoy', 'Muhammad Rizqi Adjie ', NULL, '2008-01-19', 'Depok', 168, 64, '0', 'Prum.laguna 2 blok l2 no4 ', '089519084672', 'Ingin mendapat pengalaman yang lebih banyak dengan paskib rajawali ', 'izin_6877542caa80f_IMG_20250509_160923_423.jpg', 'sehat_6877542cabaee_IMG_20250715_143805_264.jpg', 'aadjoy19@gmail.com', 'Man 1 bogor', NULL, NULL, NULL, 'foto_6877542cac6b8_IMG_20250714_190321_908-removebg-preview.jpg', 'Kampus 1', 'lolos', '2507170021', '2025-07-16 07:26:36', NULL),
	(22, 26, 'Salman Nurikhsan', 'Salman Nurikhsan ', NULL, '2008-08-02', 'Jakarta', 161, 45, '0', 'Jl.kancil RT:04 RW:08 NO:82', '0895-3382-43950', 'Supaya dapat menjadi pribadi yang disiplin dan dapat mengemban banyak prestasi ', 'izin_6877583cbc435_snapedit_1752651079149-removebg-preview-removebg-preview~2.png', 'sehat_6877583cbc580_snapedit_1752651079149-removebg-preview-removebg-preview~2.png', 'raihanhoizuransyabir@gmail.com', 'Pondok pesantren terpadu daruttaqwa', NULL, NULL, NULL, 'foto_6877583cbc66f_snapedit_1752651079149-removebg-preview-removebg-preview~2.png', 'Kampus 1', 'lolos', '2507170022', '2025-07-16 07:43:56', NULL),
	(23, 27, 'RAFFI AHMAD FAUZI NASUTION', 'Raffi ahmad fauzi nasution', NULL, '2009-05-07', 'Aceh -mei-07-2009', 173, 60, '0', 'Citeureup hambalang pmpp tni', '082321797902', 'Ingin memperbanyak prestasi di bidang paskibra ', 'izin_6877686427163_IMG_4250.jpeg', 'sehat_6877686427f4a_IMG_4350.jpeg', 'ucoknasutionhoras@gmail.com', 'Qotrun nada', NULL, NULL, NULL, 'foto_6877686428bbf_0da69a4f-db33-4923-822b-3db901a89524.jpeg', 'Kampus 1', 'lolos', '2507170023', '2025-07-16 08:52:52', NULL),
	(24, 32, 'Nayfa', 'Khairunisa Nazifatul Qulbi Dytri Julria ', NULL, '2009-07-15', 'Bogor', 166, 57, '0', 'BDB 2, Jln. Nusantara 6 ', '6281388501731', 'selain memcari pengalaman, sekaligus melatih diri disiplin dan tanggap dengan cepat dalam suatu hal', 'izin_68777536a2206_17526592059982958950633912305980.jpg', 'sehat_68777536a2a02_17526592290695894611721846286184.jpg', 'knayfa27@gmail.com', 'SMP Tunas Bangsa Cibinong ', NULL, NULL, NULL, 'foto_68777536a32d3_IMG-20250716-WA0005.jpg', 'Kampus 2', 'lolos', '2507170024', '2025-07-16 09:47:34', NULL),
	(25, 33, 'Muhamad fauzan Ahyar', 'MUHAMMAD FAUZAN AHYAR ', NULL, '2008-07-31', 'BOGOR ', 174, 58, '0', 'Pakansari, Cibinong Bogor ', '+62 812-9299-3607', 'Menambah wawasan dalam baris berbaris ', 'izin_6877780e7a757_IMG_2025-01-18-15-09-55-846.jpg', 'sehat_6877780e7b4b1_17526599691947984293097955593556.jpg', 'paujanahyar715@gmail.com', 'MAN 1 BOGOR ', NULL, NULL, NULL, 'foto_6877780e7c3b5_IMG-20250716-WA0078.jpg', 'Kampus 2', 'lolos', '2507170025', '2025-07-16 09:59:42', NULL),
	(26, 34, 'Abina Ramadhani', 'Abina Ramadhani ', NULL, '2007-09-30', 'Depok', 160, 55, '0', 'Pabuaran asri blok a8 No 47', '081388508350', 'Membangun Mental dan Fisik yang Tangguh Serta Meningkatkan Disiplin dan Tanggung Jawab', 'izin_68777e4267fb0_IMG-20250716-WA0024.jpg', 'sehat_68777e4275e10_IMG-20250716-WA0023.jpg', 'abinaramadhani@gmail.com', 'MTsN 3 Bogor', NULL, NULL, NULL, 'foto_68777e427657d_IMG-20250716-WA0027-removebg-preview.png', 'Kampus 2', 'lolos', '2507170026', '2025-07-16 10:26:10', NULL),
	(27, 37, 'raraa', 'Azra batrisyia ', NULL, '2008-07-28', 'Jakarta', 157, 61, '0', 'Perum BGGR blok D2', '081510110038', 'saya senang dengan rasa disiplin dan solidaritas antar anggota ', 'izin_687787afd8664_IMG-20250716-WA0002.jpg', 'sehat_687787afd87cb_IMG-20250716-WA0002.jpg', 'azraabatrisyia2808@gmail.com', 'MAN 1 BOGOR', NULL, NULL, NULL, 'foto_687787afd88cf_IMG-20250716-WA0002.jpg', 'Kampus 2', 'lolos', '2507170027', '2025-07-16 11:06:23', NULL),
	(28, 38, 'naylalala', 'nayla aprilia mu&#039;min', NULL, '2009-04-08', 'BOGOR', 167, 59, '0', 'perum taman raya citayam ', '088210119804', 'ingin mendapatkan banyak pengalaman lomba, dan mengembangkan diri untuk kedepannya', 'izin_687791c35d83f_IMG-20250706-WA0003.jpg', 'sehat_687791c35dd63_IMG-20250706-WA0003.jpg', 'naylamumin73@gmail.com', 'ponpes nurul ilmi', NULL, NULL, NULL, 'foto_687791c35e255_IMG-20250716-WA0029.jpg', 'Kampus 2', 'lolos', '2507170028', '2025-07-16 11:49:23', NULL),
	(29, 28, 'Amanda Nazwa', 'Amanda Nazwa Zahra Widiarahmi ', NULL, '2008-08-09', 'Jakarta ', 158, 63, '0', 'susukan, Bojonggede ', '6285892890418', 'ingin mengembangkan kedisiplinan, melatih fisik, dan mental', 'izin_687791fc0a964_IMG-20250716-WA0008.jpg', 'sehat_687791fc0aaf5_IMG-20250716-WA0011.jpg', 'amandanazw@gmail.com', 'SMPIT AL-IMAN', NULL, NULL, NULL, 'foto_687791fc0abee_1000041829.jpg', 'Kampus 2', 'lolos', '2507170029', '2025-07-16 11:50:20', NULL),
	(30, 35, 'rifdaaaa', 'nasywa rifda saeni', NULL, '2007-09-22', 'bogor', 153, 41, '0', 'griya mawar rt.02 rw.02 ', '0895320067707', 'solid yg tinggiii', 'izin_68779c18bf5a7_IMG_3744.jpeg', 'sehat_68779c18c00eb_IMG_3744.jpeg', 'narisaeni@gmail.com', 'MAN 1 Bogor', NULL, NULL, NULL, 'foto_68779c18c0baa_6e876eef-62d6-42ad-86ae-5d76bcad76f2.jpeg', 'Kampus 2', 'lolos', '2507170030', '2025-07-16 12:33:28', NULL),
	(31, 39, 'M Rayhan Al-Fajri', 'M Rayhan Al-Fajri ', NULL, '2008-01-14', 'Brebes ', 177, 63, '0', 'Kp.cikempong rt06/05', '628871702613', 'Agar lebih disiplin ', 'izin_68779c2a0e9c7_Picsart_25-07-16_19-14-53-011.png', 'sehat_68779c2a0f31e_Picsart_25-07-16_19-14-53-011.png', 'mrayhanalfajri879@gmail.com', 'Mtsn 3 bogor', NULL, NULL, NULL, 'foto_68779c2a0fc1e_Picsart_25-07-16_19-14-53-011.png', 'Kampus 2', 'lolos', '2507170031', '2025-07-16 12:33:46', NULL),
	(32, 36, 'Alfi Widya Kinanti', 'Alfi Widya Kinanti ', NULL, '2007-11-10', 'Bogor', 160, 49, '0', 'Laguna1, blokc3No31 cilangkap', '+62 813-9891-6460', 'Ingin menjadi pribadi yang lebih disiplin', 'izin_68779eeedb947_IMG-20250620-WA0055.jpg', 'sehat_68779eeedbb5f_IMG-20250620-WA0055.jpg', 'awidyaakinanti@gmail.com', 'SMP 12 Depok', NULL, NULL, NULL, 'foto_68779eeedbcd6_1000310573-01.jpeg', 'Kampus 1', 'lolos', '2507170032', '2025-07-16 12:45:34', NULL),
	(33, 29, 'vffiorenza', 'Verda Fiorenza Prasetyo ', NULL, '0000-00-00', 'Jakarta', 150, 40, '0', 'Perumahan griya citayam permai', '089520479895', 'ingin terus berkembang', 'izin_6877bf9f5a4b3_20250423_070138.jpg', 'sehat_6877bf9f5b334_20250615_121039.jpg', 'vfiorenza124@gmail.com', 'SMP Muhammadiyah Pabuaran ', NULL, NULL, NULL, 'foto_6877bf9f5c045_20250206_193250-removebg-preview.png', 'Kampus 2', 'lolos', '2507170033', '2025-07-16 15:05:03', NULL),
	(35, 41, 'raplehensem', 'Muhammad Rafli', 'Laki-laki', '2009-05-03', 'Depok', 165, 60, '0', 'Jl.Masjid Al-Barkah, Cilangkap', '085813158742', 'Karna ingin melatih kedisiplinan', 'izin_6877cbd965146_IMG_20250716_225325.jpg', 'sehat_6877cbd9654e5_IMG_20250716_225325.jpg', 'hensemraple@gmail.com', 'SMP Islam At-Tawwaabiin', NULL, 'XI', NULL, 'foto_6877cbd9657e5_IMG_20250716_225325.jpg', 'Kampus 1', 'lolos', '2507170035', '2025-07-16 15:57:13', NULL),
	(36, 42, 'wafafafa', 'Wafa Azizah', NULL, '2009-07-17', 'Bogor', 155, 40, '0', 'komplek departemen agama', '088291875878', 'keinginan untuk disiplin, berprestasi, dan membangun karakter.', 'izin_68783e9d29094_Screenshot_20250717-065143.jpg', 'sehat_68783e9d293a6_Screenshot_20250717-065143.jpg', 'wafaazizah1209@gmail.com', 'SMP muhammadiyah', NULL, NULL, NULL, 'foto_68783e9d295be_1000161876.png', 'Kampus 2', 'lolos', '2507170036', '2025-07-17 00:06:53', NULL),
	(37, 30, 'naomirenata', 'Naomi Rahman Renata', NULL, '2009-02-19', 'Jakarta', 153, 45, '0', 'sentra waringin bojong gede', '+62 812-8361-9216', 'untuk meraih prestasi non akademik', 'izin_6878482a0406a_1000033609-removebg-preview.png', 'sehat_6878482a04217_1000033609-removebg-preview.png', 'naomirahmanyrenata@gmail.com', 'SMP NEGERI 1 BOJONGGEDE', NULL, NULL, NULL, 'foto_6878482a04343_1000034407.png', 'Kampus 2', 'lolos', '2507170037', '2025-07-17 00:47:38', NULL),
	(38, 45, 'azzura', 'Maghfira Azzura Syauqi ', NULL, '2008-09-14', 'Jakarta Selatan', 163, 41, '0', 'Perumahan Taman Raya Citayam', '085892907614', 'melatih fisik dan mental serta pengalaman baru mengikuti paskibra untuk pertama kalinya ', 'izin_687849c6e0c7e_IMG20240214180217.jpg', 'sehat_687849c6e1967_IMG20240214180217.jpg', 'zasyauqi@gmail.com', 'SMPIT Amalia', NULL, NULL, NULL, 'foto_687849c6e253a_IMG-20250714-WA0067-removebg-preview.png', 'Kampus 2', 'lolos', '2507170038', '2025-07-17 00:54:30', NULL),
	(39, 22, 'Dhiya Elora Ramadhani', 'Dhiya Elora Ramadhani', NULL, '2009-09-14', 'Depok', 165, 48, '0', 'Jl. Batu Alam 1 Depok', '+62 822-2563-8379', '&quot;Karena ketegasan dan loyalitas dibentuk, bukan dilahirkan.&quot;', 'izin_68784e48e2a15_Screenshot_20250716_101918_YouTube.jpg', 'sehat_68784e48e2f61_Screenshot_20250716_101915_YouTube.jpg', 'dhiyaelora09@gmail.com', 'MTsN Kota Depok', NULL, NULL, NULL, 'foto_68784e48e345b_20250717_080209_0000.png', 'Kampus 1', 'lolos', '2507170039', '2025-07-17 01:13:44', NULL),
	(40, 47, 'dirul', 'Dini Nurul Azizah ', NULL, '2008-03-26', 'Jakarta ', 161, 48, '0', 'The Awa cluster blok A2 no 2 ', '08993003555', 'saya akan melanjutkan apa yang saya mulai ', 'izin_687850265e73e_17527153485033514219751830795656.jpg', 'sehat_687850265f19f_17527153565711267868556612168981.jpg', 'dinierna992@gmail.com', 'MAN 1 BOGOR', NULL, NULL, NULL, 'foto_687850265faf0_IMG-20250717-WA0008.jpg', 'Kampus 1', 'lolos', '2507170040', '2025-07-17 01:21:42', NULL),
	(41, 49, 'Akbar', 'Muhammad Fadhilah Akbar Yamani ', NULL, '2008-11-04', 'Bogor', 178, 71, '0', 'Citayam villa payung mas', '0895622718665', 'Ingin menambahkan prestasi', 'izin_68785727aeeaf_IMG-20250712-WA0093~2.jpg', 'sehat_68785727af5e5_IMG-20250606-WA0004.jpg', 'inicarague123@gmail.com', 'Man 1 bogor ', NULL, NULL, NULL, 'foto_68785727af717_1000398413.jpg', 'Kampus 1', 'lolos', '2507170041', '2025-07-17 01:51:35', NULL),
	(42, 50, 'muhammad almer', 'muhammad almer sakhi zaidan', NULL, '2009-07-20', 'bogor', 169, 62, '0', 'perum indogreen F1/29citeureup', '081399184460', 'supaya ada pengalaman baru, dan untuk belajar bersosialisasi', 'izin_68785fa2eb781_E5740EFC-207B-404E-841D-8FEDADD621A1.jpeg', 'sehat_68785fa2eb8ed_E5740EFC-207B-404E-841D-8FEDADD621A1.jpeg', 'almersakhi90@gmail.com', 'MAN 1 BOGOR', NULL, NULL, NULL, 'foto_68785fa2eb9f8_E5740EFC-207B-404E-841D-8FEDADD621A1.jpeg', 'Kampus 1', 'lolos', '2507170042', '2025-07-17 02:27:46', NULL),
	(44, 51, 'Sandrica', 'Sandrica salsabila', NULL, '2009-02-22', 'Cianjur', 160, 66, '0', 'Persada alam cibinong ', '6885883854793', 'Siap,karena saya ingin mengubah diri saya menjadi lebih disiplin dan saya ingin menjadi pribadi yang lebih tangguh untuk mengasah masa depan saya.', 'izin_68787e9e5b8bc_d83becbd-6689-4f6a-ae81-2afbc6d9967b.jpeg', 'sehat_68787e9e5bbdf_IMG_2616.jpeg', 'sandricasalsabila00@gmail.com', 'MTS datuk faizah', NULL, NULL, NULL, 'foto_68787e9e5c3ea_B5930565-BB52-48F5-B42D-57C31A0681CD.jpeg', 'Kampus 1', 'lolos', '2507170044', '2025-07-17 04:39:58', NULL),
	(48, 53, 'Fachri Aliansyah', 'Fachri Aliansyah Tanjung', NULL, '2008-01-30', 'Kebumen ', 173, 61, '0', 'Tlajung Udik, Kp CIGOROWONG ', '085692241769', 'Ingin menjadi pribadi yang lebih baik dan disiplin ', 'izin_68789c1b45c6c_Screenshot_2025-07-17-13-32-17-435_com.android.chrome.jpg', 'sehat_68789c1b45e76_Screenshot_2025-07-17-13-32-17-435_com.android.chrome.jpg', 'fahrialiansya@gmail.cAom', 'MAN 1 BOGOR ', NULL, NULL, NULL, 'foto_68789c1b45fe9_IMG-20250717-WA0027.jpg', 'Kampus 1', 'lolos', '2507170048', '2025-07-17 06:45:47', NULL),
	(49, 43, 'Athaya Zarifah', 'Athaya Zarifah', NULL, '2009-01-13', 'Depok', 151, 40, '0', 'Villa Pertiwi blok h4/4', '08158206983', 'Menambah Pengalaman dan Mengembangkan diri', 'izin_6878a00f47921_IMG-20250717-WA0007.jpg', 'sehat_6878a00f47b73_IMG-20250717-WA0007.jpg', 'atayazarifah@gmail.com', 'MAN 1 Bogor', NULL, NULL, NULL, 'foto_6878a00f47ccb_Cokelat Simple Beli 1 Gratis 1 Konten Instagram_20250717_135920_0000.png', 'Kampus 1', 'lolos', '2507170049', '2025-07-17 07:02:39', NULL),
	(50, 40, 'Sopii', 'Syofia Khoerunnisa ', NULL, '2009-01-11', 'Bogor ', 143, 45, '0', 'Karang asem timur rt01/06', '082299449298', 'ingin memiliki prestasi di paskibra ', 'izin_6878ad4adf884_FullSizeRender.jpeg', 'sehat_6878ad4ae0978_94749c4e-5a0f-46dd-b102-b9dc5c7c2376.jpeg', 'sopiaakhoerunnisaaa@gmail.com', 'SMPIT AL UTSMANIYAH', NULL, NULL, NULL, 'foto_6878ad4ae1364_8932E88E-E25D-4C37-A76D-7FD15663CC18.jpeg', 'Kampus 1', 'lolos', '2507170050', '2025-07-17 07:59:06', NULL),
	(51, 52, 'anggiep', 'anggie puspitasari ', NULL, '2008-12-06', 'BOGOR', 161, 52, '0', 'cilangkap,tapos depok', '089603503626', 'karena ingin mengasah dan mengembangkan kemampuan baris berbaris, dan menjadikan diri yang lebih disiplin', 'izin_6878af288b55d_IMG-20250717-WA0073.jpg', 'sehat_6878af288b742_IMG-20250717-WA0073.jpg', 'anggiepuspitasari2@gmail.com', 'MTSs Daruul Uluum lido', NULL, NULL, NULL, 'foto_6878af288b932_1000493661.jpg', 'Kampus 1', 'lolos', '2507170051', '2025-07-17 08:07:04', NULL),
	(52, 54, 'azna', 'AZNA NASHIFAH NURRONIA', NULL, '2008-07-14', 'JAKARTA', 155, 53, '0', 'PERUM. PONDOK CITAYAM PERMAI', '085771029583', 'Karena Taruna Rajawali semakin di depan, gas pol', 'izin_6878b06fe7300_IMG_20250717_151106.jpg', 'sehat_6878b06fe7923_IMG_20250717_151106.jpg', 'nurronianashifah@gmail.com', 'SMPIT AL HIKMAH', NULL, NULL, NULL, 'foto_6878b06fe7f3d_1000049465.jpg', 'Kampus 2', 'lolos', '2507170052', '2025-07-17 08:12:31', NULL),
	(53, 55, 'hafiz pratama', 'MUHAMAD HAFIZ PRATAMA SAHADI', NULL, '2008-05-22', 'DEPOK', 166, 60, '0', 'Cilodong Depok ', '081286464987', 'MANTAP', 'izin_6878b5654db25_17527412795938176272744013099330.jpg', 'sehat_6878b5654dfb8_17527412965467797550929196914564.jpg', 'hfzpratama5@gmail.com', 'MAN 1 BOGOR ', NULL, NULL, NULL, 'foto_6878b5654e2a2_1000038028-removebg-preview.png', 'Kampus 1', 'lolos', '2507170053', '2025-07-17 08:33:41', NULL),
	(54, 56, 'kakayie', 'HAROISSA NUR MIKAILA', NULL, '2008-11-13', 'Bogor', 165, 68, '0', 'Gg. Kopem RT 01/03 Cibuluh', '089602010839', 'bagus banget ', 'izin_6878beca259f9_IMG-20250716-WA0010.jpg', 'sehat_6878beca25bec_IMG-20250715-WA0039.jpg', 'shwtykeeey@gmail.com', 'MAN 1 Bogor', NULL, 'XII', NULL, 'foto_6878beca25e38_IMG-20250717-WA0012.jpg', 'Kampus 2', 'lolos', '2507170054', '2025-07-17 09:13:46', NULL),
	(56, 44, 'nabilla putri', 'Nabilla Putri Muliana Dewi ', NULL, '2008-03-12', 'Jakarta ', 157, 42, '0', 'Cilodong Depok ', '6285814486040', 'ingin ngelanjutin dan ngembangin potensi di paskib', 'izin_6878d26cd47bc_IMG-20250125-WA0010-removebg-preview.png', 'sehat_6878d26cd4abe_IMG-20250125-WA0010-removebg-preview.png', 'nabillaputrimulianadewinabilla@gmail.com', 'MTsN Kota Depok', NULL, 'XII', NULL, 'foto_6878d26cd4ca2_IMG-20250125-WA0010-removebg-preview.png', 'Kampus 1', 'lolos', '2507170056', '2025-07-17 10:37:32', NULL),
	(57, 46, 'm.dzaki faidlurrahman', 'm.dzaki faidlurrahman ', NULL, '2008-06-21', 'Bogor', 161, 54, '0', 'cilodong kota depok', '0895320808789', 'ingin mengembangkan skill pbb dan memperdalam skill di dalam paskibra', 'izin_6878d3f40756c_IMG_20250704_140640_816.webp', 'sehat_6878d3f4079be_IMG_20250704_140640_816.webp', 'dzakinakal21@gmail.com', 'ponpes ibnu ash sholah', NULL, 'XI', NULL, 'foto_6878d3f407e02_IMG-20250717-WA0130.jpg', 'Kampus 1', 'lolos', '2507170057', '2025-07-17 10:44:04', NULL),
	(58, 3, 'fahri', 'Tes', NULL, '2025-07-10', 'Bogor', 170, 75, '0', 'Tes', '089554845446', 'Tes', 'izin_6878d4bb85318_IMG_6488.png', 'sehat_6878d4bb86298_IMG_6485.png', 'fahri@gmail.com', 'Smp', NULL, 'X', NULL, 'foto_6878d4bb86fd4_DE8AC64C-F9D0-47F1-9A22-BFA15A619C4C.jpeg', 'Kampus 1', 'lolos', '2507290058', '2025-07-17 10:47:23', NULL),
	(59, 57, 'calon', 'Calon', NULL, '2025-07-17', 'bogor', 160, 40, '0', '-', '08888888888', '-', 'izin_6878d91933be2_a63c178a-5f92-4001-a1d9-68eb40bd674c.jpeg', 'sehat_6878d91933ff1_9d44ebc2-2ecf-4e96-ad67-fb6bbe9bd9ea.jpeg', 'restudian553@gmail.com', 'smp keren', NULL, 'X', NULL, 'foto_6878d91934348_016e177e-f4da-4cde-9d2d-62c6c5224620.jpeg', 'Kampus 1', 'pending', NULL, '2025-07-17 11:06:01', NULL),
	(60, 48, 'Kiara anandhita', 'Kiara anandhita surahman', NULL, '2008-10-13', 'Depok', 153, 42, '0', 'Cilangkap, griya telaga permai', '085810325382', 'Ingin melanjutkan eskul dari smp', 'izin_6878f174abb01_93e9767cb9bfc509b3e8bb35275b6e6d.jpg', 'sehat_6878f174abd30_Screenshot_20250717-192912_Gallery.jpg', 'anandh1ta.kiarra@gmail.com', 'Smpit rahmaniyah', NULL, 'XI', NULL, 'foto_6878f174abf37_IMG-20250717-WA0045-removebg-preview.jpg', 'Kampus 1', 'lolos', '2507170060', '2025-07-17 12:49:56', NULL),
	(61, 9, 'MAHDY MAULID', 'Mahdy Maulid Cahyadin', NULL, '2008-03-10', 'Bogor', 172, 57, '0', 'Jl. Karanggan tua, No. 99', '0896 1779 5900', 'ambisi. ', 'izin_6878f59ae51cc_Screenshot_20250717-052056.jpg', 'sehat_6878f59ae769e_Screenshot_20250717-052056.jpg', 'mmchydn@gmail.com', 'SmpQu As-Salaam', NULL, 'XII', NULL, 'foto_6878f59ae8620_1000227700.jpg', 'Kampus 1', 'lolos', '2507170061', '2025-07-17 13:07:38', NULL),
	(62, 18, 'bungazuhro', 'Bunga Arifah Zuhro Al-Maghtani', NULL, '2008-08-06', 'Bogor ', 165, 57, '0', 'Perum indogreen Citeureup', '089522814959', 'agar lebih disiplin dalam waktu', 'izin_6878f6ccc7c0d_IMG_0941.jpeg', 'sehat_6878f6ccc83b3_360110ed-1b5c-4a60-a1c1-d083c1c762d2.jpeg', 'bungaarfh006@icloud.com', 'mts alhidayah tajur', NULL, 'XI', NULL, 'foto_6878f6ccc8be4_FA34FED9-4BF8-4E48-B0A5-D87928D3ACE6.jpeg', 'Kampus 1', 'lolos', '2507170062', '2025-07-17 13:12:44', NULL),
	(63, 63, 'Nadya Aulia Ningsih', 'NADYA AULIANINGSIH', NULL, '2010-03-05', 'BOGOR', 159, 48, '0', 'kec.klapanunggal narogong ', '081285084214', 'ingin melanjutkan paskibra dari smp, malatih kedisplinan, tanggung jawab dan melatih jiwa kepemimpinan ', 'izin_687ce3020dc8e_IMG_8910.jpeg', 'sehat_687ce3020e48d_IMG_8888.jpeg', 'yuyunsriyuningsih517@gmail.com', 'SMP ISLAM ALKAUTSAR', NULL, 'X', NULL, 'foto_687ce3020ec62_bcd9feaf-57f2-4b6b-a290-d84aabf2feaf.jpeg', 'Kampus 1', 'lolos', '2508170063', '2025-07-20 12:37:22', NULL),
	(64, 61, 'keyladzahr@', 'keyla Dennis Zahratussita', NULL, '2009-12-07', 'Depok', 159, 50, '0', 'Sukahati, Cibinong KAB.Bogor', '081388982584', 'Saya ingin menjadi siswi yang aktif melalui kegiatan ekstrakulikuler Paskibra Rajawali', 'izin_687cf5b6e1740_WhatsApp Image 2025-07-20 at 20.55.44.jpeg', 'sehat_687cf5b6e18e8_Surat Keterangan Sehat.pdf', 'dedenalfatih9@gmail.com', 'MTS PPIQ', NULL, 'X', NULL, 'foto_687cf5b6e1b26_WhatsApp Image 2025-07-20 at 20.50.31.jpeg', 'Kampus 2', 'lolos', '2509260064', '2025-07-20 13:57:10', NULL),
	(65, 24, 'chelliandra valerie', 'chelliandra valerie', NULL, '2009-09-23', 'bogor', 151, 57, '0', 'acropolis de karasideman FO 03', '081210260490', 'melanjutkan ekstrakurikuler di skolah lama saya dan saya mempunyai minat ingin melatih kedisiplinan, meningkatkan potensi diri, juga meningkatkan cinta pada tanah air, mengembangkan karakter dan berpartisipasi dalam kegiatan bendera merah putih, karna paskibra juga dapat menjadi wadah untuk melatih mental dan melatih kita secara fisik, melatih kerja sama dan kekompakan dalam organisasi dengan menyatukan hati, juga ingin menjadi salah satu keluarga dari paskibra rajawali, trimakasi', 'izin_687cf7cbf0038_IMG_20250720_204824.jpg', 'sehat_687cf7cbf22e7_IMG_20250720_204913.jpg', 'chelliandracecell@gmail.com', 'SMPN DAARUL ULUUM LIDO', NULL, 'X', NULL, 'foto_687cf7cbf3646_1000192869.jpg', 'Kampus 1', 'lolos', '2508220065', '2025-07-20 14:06:03', NULL),
	(66, 80, 'Dihan Danu Prasetyo', 'Dihan Danu Prasetyo', NULL, '2010-04-09', 'Depok', 165, 42, '0', 'jl h. sara tapos depok', '6281288312379', 'Saya memilih ekstrakurikuler Paskibra karena ingin melatih disiplin, tanggung jawab, dan ketegasan dalam diri saya. Saya juga tertarik dengan kegiatan baris-berbaris dan upacara bendera, serta ingin melatih fisik dan mental agar menjadi pribadi yang lebih kuat. Selain itu, saya ingin meningkatkan kepercayaan diri dan kemampuan kepemimpinan, terutama dalam kerja sama tim. Serta melanjutkan prestasi saya dalam paskibra saat di sekolah sebelumnya..\r\nSaya juga termotivasi oleh kakak kelas yang pernah aktif di Paskibra, karena mereka terlihat keren, rapi, dan memiliki sikap yang patut dicontoh. Harapan saya ke depan, semoga saya bisa berprestasi dan berkesempatan mengikuti seleksi Paskibraka tingkat kota/kabupaten, serta menjadi bagian dari tim yang bisa mewakili dan membanggakan sekolah.', 'izin_687e18bca6855_Surat Izin Ekskul Paskibra_Dihan.pdf', 'sehat_687e18bca6c4e_IMG_9715.jpeg', 'dihandanu9@gmail.com', 'MTs. Nurul Islam', NULL, 'X', NULL, 'foto_687e18bca7622_White Yellow Elegant Minimalist Initial Name Logo.png', 'Kampus 1', 'lolos', '2509190066', '2025-07-21 10:38:52', NULL),
	(67, 64, 'Safa Salsabila Fauziyah', 'Safa salsabila fauziyah ', NULL, '2009-12-19', 'Sukabumi', 153, 47, '0', 'Kp. Cipako No, 98. RT 03 RW 05', '085692561660', 'Saya ingin melanjutkan kembali kegiatan paskibra saya di paskibra rajawali ini dan saya juga ingin mempelajari tentang baris berbaris dan berbagai hal lainnya ke jenjang yang lebih jauh.', 'izin_687e2c3c59174_inbound7507428489196810013.jpg', 'sehat_687e2c3c596db_inbound5195701089030255764.jpg', 'safasalsabil129@gmail.com', 'Smps it al ishlah ', NULL, 'X', NULL, 'foto_687e2c3c59c92_inbound8075958618505643694.jpg', 'Kampus 1', 'lolos', '2508220067', '2025-07-21 12:02:04', NULL),
	(68, 70, '0107120810', 'RIZKY PUTRA ANUGRAH', NULL, '2010-02-14', 'BOGOR', 165, 53, '0', 'kaum pandak rt 2 rw 13', '0895404067766', 'karna saya ingin meningkatkan kedisiplinan, melatih fisik dan mental, serta memiliki kesempatan untuk bergabung paskibra. ', 'izin_687e32f8398e0_IMG_20250721_192830_925.jpg', 'sehat_687e32f83a9ec_IMG_20250721_192904_979.jpg', 'rizky6866358@gmail.com', 'MTsN 3 BOGOR', NULL, 'X', NULL, 'foto_687e32f83bbb4_20424.jpg', 'Kampus 2', 'lolos', '2509190068', '2025-07-21 12:30:48', NULL),
	(69, 81, 'Zahiya kamilia', 'Zahiya Kamilia', NULL, '2010-06-13', 'Jakarta', 160, 74, '0', 'Ferari jatimulya indah no.52', '085219906259', 'Ingin menambah wawasan dan juga menambah prestasi dengan mengikuti taruna rajawali ini, dan ingin lebih aktif dalam mengikuti hal tersebut', 'izin_687e418f44f60_inbound4094234785633313880.jpg', 'sehat_687e418f463cf_inbound3397307428937090904.jpg', 'kamarzahiya@gmail.com', 'SMPIT Rahmaniyah boarding school', NULL, 'X', NULL, 'foto_687e418f47648_inbound6570064893066702889.jpg', 'Kampus 1', 'lolos', '2508170069', '2025-07-21 13:33:03', NULL),
	(70, 66, 'Cakasanarasendriyadelano', 'Cakasanarasendriyadelano ', NULL, '2010-04-07', 'Jakarta ', 175, 59, '0', 'Perum. Bumi Waringin blok c12', '085211526265', 'Ingin menjadi pribadi yang angkuh disiplin \r\nDan untuk melatih ketegasan', 'izin_687f70b95cdb4_1753182327377800687704165213804.jpg', 'sehat_687f70b95e21d_17531823624183893578479176671667.jpg', 'cakasanarasen@gmail.com', 'Pesantren Ummul Quro Al islami ', NULL, 'X', NULL, 'foto_687f70b95f3c3_IMG-20250525-WA0010.jpg', 'Kampus 2', 'lolos', '2509190070', '2025-07-22 11:06:33', NULL),
	(71, 67, 'Ridho Sedayu', 'Muhammad Ridho Bhogowonto Sedayu ', NULL, '0000-00-00', 'Jakarta ', 165, 53, '0', 'Jl.kincir air RT.06/RW.01', '0895347163232', 'Karena kecintaan saya terhadap paskibra dan juga ingin melanjutkan ekskul saya sejak SMP.', 'izin_687f7ef293977_IMG-20250722-WA0018.jpeg', 'sehat_687f7ef294019_IMG-20250722-WA0014.jpeg', 'muhammadridhobhogowontosedayu@gmail.com', 'SMPIT Darunnida ', NULL, 'X', NULL, 'foto_687f7ef29459c_1000167824.jpg', 'Kampus 2', 'lolos', '2509190071', '2025-07-22 12:07:14', NULL),
	(72, 84, 'Agitsni Raisa R', 'Agitsni Raisa Ramadhani', NULL, '2010-08-27', 'Bogor', 159, 48, '0', 'Pabuaran Asri 2 Blok B No 3', '6281295142431', 'saya ingin membentuk pribadi yang lebih disiplin dan bertanggung jawab, sekaligus melatih jiwa kepemimpinan, memperkuat mental, serta memperluas relasi dan pengalaman. Saya percaya Paskibra Rajawali adalah wadah yang tepat untuk mengembangkan itu semua. Selain itu, rasa kekeluargaan dan kebersamaan yang kuat di dalamnya juga menjadi motivasi bagi saya untuk bergabung dengan Taruna Rajawali', 'izin_687f9bde5a743_IMG_20250722_210412.jpg', 'sehat_687f9bde5c192_IMG_20250722_210606.jpg', 'araisar27@gmail.com', 'MTsN Kota Depok', NULL, 'X', NULL, 'foto_687f9bde5d646_IMG-20250417-WA0014.jpg', 'Kampus 1', 'lolos', '2508170072', '2025-07-22 14:10:38', NULL),
	(73, 71, 'thaariq10', 'Muhammad thaariq rizki', 'Laki-laki', '2010-03-06', 'BOGOR ', 169, 75, '0', 'Muara beres RT/RW001 NO.89', '6285810033378', 'Ingin melatih dan bisa PBB dan juga agar fisik dan mental jadi kuat', 'izin_687fa1c762043_surat pernyataan orang tuawali.pdf', 'sehat_687fa1c762315_IMG-20250722-WA0077.jpg', 'thoooreyqq@gmail.com', 'MTsN 3 BOGOR', NULL, 'X', NULL, 'foto_687fa1c762483_IMG-20250415-WA0037.jpg', 'Kampus 2', 'lolos', '2509190073', '2025-07-22 14:35:51', NULL),
	(74, 76, 'shelfani ramadhina', 'shelfani ramadhina ', NULL, '2009-08-20', 'Jakarta', 154, 37, '0', 'jl batu alam 2 no 24', '6281210078175', 'karena saya ingin melanjutkan paskibra dari mts, untuk melatih kedisiplinan, mental, dan fisik saya', 'izin_687fa5cfc6d1a_17531958641867428931629449689027.jpg', 'sehat_687fa5cfc79ce_17531958941305908019292967488670.jpg', 'shelfani2008@gmail.com', 'mts Ittihadul Mukhlisin ', NULL, 'X', NULL, 'foto_687fa5cfc86a3_quality_restoration_20250722203946359.png', 'Kampus 1', 'lolos', '2508170074', '2025-07-22 14:53:03', NULL),
	(75, 65, 'sabrina humaira sakhi', 'Sabrina Humaira Sakhi', NULL, '0000-00-00', 'Bogor', 155, 47, '0', 'jl. mayor oking, citeureup ', '081410598471', 'karena yang aku lihat di demos rajawali kemarin aku jadi punya rasa tertarik buat gabung di rajawali selain itu juga aku pengen ngerasain gimana rasanya di didik oleh kaka&#039;pembina,mudah2an dipaskib aku bisa jadi pribadi yang lebih baik dan bisa bertanggungjawab karna didikkan kaka&#039; senoir', 'izin_6880e0a603fe6_inbound544370050457125317.jpg', 'sehat_6880e0a604e6e_inbound1117030082561448729.jpg', 'sabrinahumaira885@gmail.com', 'SMP Islam Yafac', NULL, 'X', NULL, 'foto_6880e0a60591c_inbound1572610019174174772.png', 'Kampus 1', 'lolos', '2508220075', '2025-07-23 13:16:22', NULL),
	(76, 86, 'Salsabilah Jian Az-zahra', 'Salsabilah Jian Az-zahra', NULL, '2010-04-21', 'Bogor', 155, 44, '0', 'kp.cipecang rt 02 rw 11 no 53', '085654303070', 'Melatih kedisiplinan dan mencoba hal baru', 'izin_6880e0fbb3776_IMG_7065.jpeg', 'sehat_6880e0fbb4675_IMG_7060.jpeg', 'salsabilahjian@gmail.com', 'Mts SAHID', NULL, 'X', NULL, 'foto_6880e0fbb5283_EB3D1B7D-77DC-4924-B690-6554CB12CB75.jpeg', 'Kampus 2', 'lolos', '2509190076', '2025-07-23 13:17:47', NULL),
	(77, 82, 'Pramudya', 'Pramudya yudha Perwira', NULL, '2009-10-11', 'Kendal', 164, 55, '0', 'Jl kerinci cilodong depok', '081563234171', 'Saya sudah mengikuti ekskul paskibra sejak kelas 8 SMP dan telah berpartisipasi dalam beberapa event lomba/pengibaran, maka saya tidak ingin semua yang telah saya dapat di SMP hilang begitu saja dan oleh karena itu saya ingin lanjutkan paskibra disini', 'izin_6880f43ea7ef1_inbound3180375304045826874.jpg', 'sehat_6880f43eaa1eb_inbound945698279329267535.jpg', 'ppramudyayudha@gmail.com', 'Ponpes darul muttaqien', NULL, 'X', NULL, 'foto_6880f43eab4bf_inbound5057610045522073865.jpg', 'Kampus 1', 'pending', NULL, '2025-07-23 14:39:58', NULL),
	(78, 60, 'Pradita Prameswari Putri Rahayu', 'Pradita Prameswari Putri Rahayu', NULL, '2010-03-22', 'Bogor', 157, 50, '0', 'Padurenan 07/02 Pabuaran', '089517094938', 'melatih kedisiplinan dan tanggung jawab, mengembangkan jiwa kepemimpinan, dan ingin mempunyai fisik dan mental yang kuat', 'izin_6880f583445d0_17532818464041111792077742168803.jpg', 'sehat_6880f58344fa7_17532818724125539944878569362182.jpg', 'dtralala81@gmail.com', 'MTs Al-Mukhsin', NULL, 'X', NULL, 'foto_6880f583459cf_1000191314.jpg', 'Kampus 1', 'lolos', '2508170078', '2025-07-23 14:45:23', NULL),
	(79, 75, 'firyalariqah', 'Firyal Ariqah', NULL, '0000-00-00', 'Jakarta ', 159, 47, '0', 'Griya Bukit Permata Blok E9/10', '081398908564', 'ingin melatih mental &amp; fisik, serta ingin mencoba hal baru ', 'izin_6880f78836301_IMG_20250723_213850.jpg', 'sehat_6880f78836bee_IMG_20250723_214012.jpg', 'ariqahfiryal5@gmail.com', 'MTsN 3 Bogor ', NULL, 'X', NULL, 'foto_6880f78837439_IMG_20250723_193358.jpg', 'Kampus 2', 'lolos', '2509190079', '2025-07-23 14:54:00', NULL),
	(80, 87, 'naura', 'Naura Ghazallah Syahrulloh ', NULL, '2010-02-03', 'Bogor ', 158, 43, '0', 'muara beres rt 01 rw 03 ', '6289510480598', 'ingin melatih kedisiplinan dan melatih kekuatan fisik', 'izin_68820c995a77f_inbound6179847008983634724.jpg', 'sehat_68820c995aa13_inbound4242742133747066471.jpg', 'aroelkomeng13@gmail.com', 'SMP Negeri 3 cibinong ', NULL, 'X', NULL, 'foto_68820c995ab86_inbound2425613460589774751.jpg', 'Kampus 2', 'lolos', '2509190080', '2025-07-24 10:36:09', NULL),
	(81, 78, 'safwah rinjani', 'safwah rinjani', NULL, '2009-10-08', 'BOGOR', 155, 69, '0', 'rt 03rw 09', '0895364543003', 'melatih fisik dan mental', 'izin_68824ab6144e0_20250724_220005.jpg', 'sehat_68824ab615de8_20250724_211755.jpg', 'karadenannurjanah@gmail.com', 'mts al-falak', NULL, 'X', NULL, 'foto_68824ab6170f0_1000085126-removebg-preview.jpg', 'Kampus 2', 'lolos', '2509190081', '2025-07-24 15:01:10', NULL),
	(82, 69, 'Nazwa Nurhikmah', 'Nazwa Nur Hikmah', NULL, '2010-09-30', 'Bogor ', 161, 62, '0', 'Asrama Yon Bek Ang 1 Kostrad ', '082125831836', 'untuk melatih kedisiplinan, kekuatan fisik,mengembangkan sebuah jiwa kepemimpinan untuk masuk PTN dan menjadi abdi negara\r\n', 'izin_68837b79edbc2_inbound7220845126721438720.jpg', 'sehat_68837b79ee5c0_inbound3506725947945404187.jpg', 'nzwawa93@gmail.com', 'SMP Muthmainnatul Qulub ', NULL, 'X', NULL, 'foto_68837b79eef46_inbound8298927284712987515.png', 'Kampus 1', 'lolos', '2508220082', '2025-07-25 12:41:29', NULL),
	(83, 89, 'Wafa alya', 'Wafa alya Muzdhalifah ', NULL, '2009-12-10', 'Bogor ', 162, 67, '0', 'Kel.cirinekar jln.kayumanis ', '085770665132', 'Ingin menjadi lebih disiplin,dan ingin mengikuti petugas paskibra yang baik', 'izin_68848c3d0d632_IMG-20250726-WA0005.jpg', 'sehat_68848c3d0d9f5_IMG-20250726-WA0008.jpg', 'alyawafa9@gmail.com', 'Smp.it Annajiyah ', NULL, 'X', NULL, 'foto_68848c3d0dca1_IMG_20250725_165755-removebg-preview.png', 'Kampus 1', 'lolos', '2508220083', '2025-07-26 08:05:17', NULL),
	(84, 83, 'arkan', 'ferdita arkan maulana', 'Laki-laki', '2010-08-06', 'bogor', 162, 68, '0', 'bojong gede', '085212279618', 'karena saya ingin lebih tegas dan mandiri', 'izin_6885be40c98ac_17535954010536723124189335067419.jpg', 'sehat_6885be40ca220_17535954436445608876824625043843.jpg', 'ferditaarkan0@gmail.com', 'SMPIT DARUNNIDA', NULL, 'X', NULL, 'foto_6885be40caa64_IMG-20250423-WA0012.jpg', 'Kampus 2', 'lolos', '2509190084', '2025-07-27 05:50:56', NULL),
	(85, 91, 'nur yuliana zahra', 'NUR YULIANA ZAHRA', 'Perempuan', '2009-07-21', 'BOGOR ', 161, 57, '0', 'CILODONG ', '85718052051', 'ingin meningkatkan kedisiplinan dan keberanian \r\ningin melatih skill kepemimpinan ', 'izin_688b8099a4578_inbound7637422313752919601.jpg', 'sehat_688b8099a50fa_inbound2687533072116950301.jpg', 'zahrayuliana94@gmail.com', 'MTS AL-MUKHSINN ', NULL, 'X', NULL, 'foto_688b8099a5a2a_inbound1415348241092521338.jpg', 'Kampus 1', 'lolos', '2508220085', '2025-07-31 14:41:29', NULL),
	(86, 77, 'safira', 'SAFIRAH RIZKY FADILAH', 'Perempuan', '2010-02-01', 'Bogor', 163, 53, '0', 'Puri Nirwana 2 Blok AQ No.19', '085103301919', 'Saya ingin melanjutkan pengalaman saya di Paskibra sejak SMP karena saya merasa kegiatan ini telah membentuk disiplin, tanggung jawab, dan semangat kebangsaan dalam diri saya.', 'izin_688b83672c99d_IMG_6496.jpeg', 'sehat_688b83672d0ef_IMG_6495.jpeg', 'safirah165@gmail.com', 'SMP AL AZHAR SYIFA BUDI CIBINONG ', NULL, 'X', NULL, 'foto_688b83672d6de_IMG_6494.png', 'Kampus 1', 'lolos', '2508220086', '2025-07-31 14:53:27', NULL),
	(87, 94, 'velltempest', 'Veldora Vell Tempest', 'Laki-laki', '2025-08-07', 'Jakarta', 200, 200, '0', 'Jakarta Jakarta', '082117671976', 'adawdaw', 'izin_689e3cbdec7ab_1740951053415-lspk3pass-copyright.jpg', 'sehat_689e3cbdecb11_1740951053415-lspk3pass-copyright.jpg', 'velltempest@gmail.com', 'ada', NULL, 'X', NULL, 'foto_689e3cbdecd11_1750946921_685d54691f4a6.jpg', 'Kampus 1', 'pending', NULL, '2025-08-14 19:45:01', NULL),
	(88, 68, 'Zaskya Wulandari', 'Zaskya Wulandari', 'Perempuan', '2009-12-17', 'Jakarta', 154, 43, '0', 'Jl. Kancil, rt 02/07, no. 16', '6289601772423', 'Melanjutkan ekstrakurikuler paskibra yang sudah saya ikuti sejak SMP, mengembangkan kemampuan disiplin serta tanggungjawab saya. Serta ingin meraih berbagai prestasi di LKBB bersama dengan teman-teman saya. ', 'izin_68b1d0dc9586d_IMG-20250829-WA0004.jpg', 'sehat_68b1d0dc95a8f_Dokumen.pdf', 'zaskyawulandari23@gmail.comz', 'SMP Islam Al-Qudwah', NULL, 'X', NULL, 'foto_68b1d0dc95bfc_IMG-20250829-WA0007.jpg', 'Kampus 1', 'lolos', '2509190088', '2025-08-29 16:10:04', NULL),
	(89, 99, 'Rifki Zidni Alfiyani', 'Rifki Zidni Alfiyani', 'Perempuan', '2009-04-07', 'sragen ', 160, 47, '0', 'Pabuaran asri 2 blok C3 no 1B', '082185057311', 'ingin belajar disiplin diri dan juga melatih fisik serta mental saya melalui eskul paskibra rajawali ', 'izin_68b67bc475e7a_IMG_7825.jpeg', 'sehat_68b67bc47762d_IMG_7828.jpeg', 'alfiyanizidni@gmail.com', 'MTs Al-Hamidiyah', NULL, 'X', NULL, 'foto_68b67bc4786ca_IMG_7680.png', 'Kampus 1', 'lolos', '2509190089', '2025-09-02 05:08:20', NULL),
	(90, 102, 'Baraka wasim', 'Baraka Wasim suwandi ', 'Laki-laki', '2009-09-05', 'Jakarta', 169, 71, '0', 'kalimulya,depok', '081399945001', 'menjadi lebih baik', 'izin_68d1726221d9d_IMG_3095.jpeg', 'sehat_68d1726222aed_IMG_3096.jpeg', 'b93067876@gmail.com', 'mts darunnajah', NULL, 'X', NULL, 'foto_68d1726223751_IMG_3109.jpeg', 'Kampus 1', 'lolos', '2509260090', '2025-09-22 15:59:30', NULL),
	(91, 101, 'Farhat Zulhilmi', 'Farhat Zulhilmi', 'Laki-laki', '2010-11-07', 'Depok', 166, 57, '0', 'Cilangkap RT 1 RW 15', '081293599119', 'Karena tertarik', 'izin_68d68e0591dc3_20250926_194919.jpg', 'sehat_68d68e0592e24_20250926_195001.jpg', 'farhatzulhilmi@gmail.com', 'SMP IT At-Tawwabiin', NULL, 'X', NULL, 'foto_68d68e0593be4_IMG-20250409-WA0003.jpg', 'Kampus 1', 'lolos', '2510030091', '2025-09-26 12:58:45', NULL),
	(92, 104, 'NADYA AULIANINGSIH', 'Nadya aulianingsig', 'Perempuan', '2025-10-03', 'bogor', 159, 50, '0', 'narogong ', '081285084214', 'isi ulang kang teh', 'izin_68df8e46b7f6f_IMG_3999.jpeg', 'sehat_68df8e46b81be_IMG_3999.jpeg', 'muhammadfikrifirmananda@gmail.com', 'smpi alkautsar', NULL, 'X', NULL, 'foto_68df8e46b8355_IMG_3999.jpeg', 'Kampus 1', 'lolos', '2510030092', '2025-10-03 08:50:14', NULL),
	(93, 103, 'Dihan danu', 'Dihan danu Prasetyo ', 'Laki-laki', '2010-04-09', 'Depok', 165, 45, '0', '.', '0895334599432', '.', 'izin_68df93cf4feba_IMG-20251002-WA0002.jpg', 'sehat_68df93cf50108_IMG-20251002-WA0002.jpg', 'percobaanp419@gmail.com', 'Mts Nurul islam ', NULL, 'X', NULL, 'foto_68df93cf5021b_1001021961.jpg', 'Kampus 1', 'pending', NULL, '2025-10-03 09:13:51', NULL);

-- Dumping structure for table rajawali.users
CREATE TABLE IF NOT EXISTS `users` (
  `id` int NOT NULL AUTO_INCREMENT,
  `username` varchar(50) CHARACTER SET utf8mb4 COLLATE utf8mb4_general_ci NOT NULL,
  `email` varchar(100) CHARACTER SET utf8mb4 COLLATE utf8mb4_general_ci DEFAULT NULL,
  `password` varchar(255) CHARACTER SET utf8mb4 COLLATE utf8mb4_general_ci NOT NULL,
  `role` enum('user','admin') CHARACTER SET utf8mb4 COLLATE utf8mb4_general_ci NOT NULL DEFAULT 'user',
  `created_at` datetime DEFAULT CURRENT_TIMESTAMP,
  PRIMARY KEY (`id`),
  UNIQUE KEY `username` (`username`),
  UNIQUE KEY `email` (`email`)
) ENGINE=InnoDB AUTO_INCREMENT=107 DEFAULT CHARSET=utf8mb4 COLLATE=utf8mb4_general_ci;

-- Dumping data for table rajawali.users: ~103 rows (approximately)
INSERT INTO `users` (`id`, `username`, `email`, `password`, `role`, `created_at`) VALUES
	(3, 'fahri', 'fahri@gmail.com', '$2y$10$cWAoxHWeI4FOW7FkV3Hhe.NwNoFOTer8wQ2pYvRof.pjtK1Hz/Hym', 'user', '2025-07-15 14:28:44'),
	(5, 'pentagon', NULL, '$2y$10$dc1EGKmpRncfZaji.P7TluDF7tXjqJeVLwILddydPYJwH9KHMu6yO', 'admin', '2025-07-15 14:41:22'),
	(6, 'tes', 'admin@desa.id', '$2y$10$jX8ud30SJR81USIbh6/PGuA/0VfxbpvyPgCHHdoZDmSRISz6Qy4iu', 'user', '2025-07-15 15:56:46'),
	(7, 'guntur guruh surah negara', 'gunturguruhs.n@gmail.com', '$2y$10$wG6j5E9bic6bwGbHvX0c/eOqWPv8pm3ub2mB/uWOxD19sNx1pPqim', 'user', '2025-07-15 16:08:18'),
	(8, 'Dianberliana', 'dianwibisono1708@gmail.com', '$2y$10$ASVERjOdzx7kXHzNto3NWOYv3lRuDGNjmJinNyvuorm.VWdnNFNg.', 'user', '2025-07-15 17:01:33'),
	(9, 'MAHDY MAULID', 'mmchydn@gmail.com', '$2y$10$G08FI3yChXOrx3FgEAkZVeX.SpXDJ.Z8hEFcfRVQ/vaodL7EU2cUq', 'user', '2025-07-15 17:39:34'),
	(10, 'firya h', 'firyahaniya20@gmail.com', '$2y$10$5fj9oLOWwuLLF/OwbX42YeQoFPyMR1wjFWBQKTQiwglWlBoQU1Fjq', 'user', '2025-07-15 21:35:32'),
	(11, 'nnanaaqila', 'nnanaaherman@gmail.com', '$2y$10$z.ra3sO2cz.VW7s7OxURA.pughknEZBhd8CJoh3SHn3fxvyGjbuLi', 'user', '2025-07-15 22:14:21'),
	(12, 'Andhara', 'andharaputri@gmail.com', '$2y$10$Z7ARFuLYWc8CDN42o0xxe.aTTDp6Zd2jsWG.JOh2OaMBeKJVwonl6', 'user', '2025-07-15 22:54:59'),
	(13, 'Anandita Cipta Rinjani', 'ananditaciptarinjani@gmail.com', '$2y$10$GWRzjBeMwORvZry1b2rw/ezFCXLETnE6dsq9HXOcwNYi4/9uAugba', 'user', '2025-07-15 23:27:09'),
	(14, 'Rama maulidan akbar', 'ramamaulidan75@gmail.com', '$2y$10$jFiU6inQEjwmq3FbQ1oQh.U0SWwHpp0R.es541yNdl9NCxoa1IhG.', 'user', '2025-07-15 23:53:36'),
	(15, 'Raditya ario', 'radityaariodanisworo22872@gmail.com', '$2y$10$9EKv.FF.D7e0NAlO3eTZreAuwSmJ9O7POm/JfDvgVwp3MeihTr1Ta', 'user', '2025-07-16 00:12:04'),
	(16, 'Muhammad Daffa Ferdian', 'daffaferdian634@gmail.com', '$2y$10$Ob.W0M/HQ3dIuSm4cUcfq.uyWHVASyoaYJfcZSgaOGNmbB4qrYts2', 'user', '2025-07-16 00:12:28'),
	(17, 'bungaarifah', 'bungazuhro004@gmail.com', '$2y$10$jn1w8zTnzrY5.n5UExgr/OW00ETqf078gXw71xWlgzXSDNOCLqtcu', 'user', '2025-07-16 00:41:04'),
	(18, 'bungazuhro', 'bungaarfh006@icloud.com', '$2y$10$AJP3u4iVyubAHLddUz8uS.z8gmXwbUI6B27INzAUR4H6yMrbNQy9O', 'user', '2025-07-16 00:43:00'),
	(19, 'AMANDA', 'mandasyaira1@gmail.com', '$2y$10$qUrhldB3vXFwgAiaemk7f.0jQvIGvy2fGsmElBZn8jvQ7Pqm1AymK', 'user', '2025-07-16 01:34:28'),
	(20, 'irgi nur faraj', 'irginurfaraj08@gmail.com', '$2y$10$z.KFZQ4mM3FK1vTj/HeJz./ul2jC8EGhjg//XGq3LbydyGf6cV48G', 'user', '2025-07-16 02:07:46'),
	(21, 'Reisha', 'reishaolivia@gmail.com', '$2y$10$q90eIq9scWRxrvrTWV5ppeElUcgNuB9Fbn5ffOZb/iSjhtVjhK98m', 'user', '2025-07-16 02:21:37'),
	(22, 'Dhiya Elora Ramadhani', 'dhiyaelora09@gmail.com', '$2y$10$ftDiC0iPgO1CEqFxgvvGhepLn05liICVeE3bJ.Cig2Fl1fN0PZESG', 'user', '2025-07-16 03:31:22'),
	(23, 'aisyah', 'aisyahnurtiyah@gmail.com', '$2y$10$aAHz4mwbuhFzFG94vx90u.HO46uQO3NL8MA.lQzbPtvM/RB6riNGm', 'user', '2025-07-16 04:01:31'),
	(24, 'chelliandra valerie', 'chelliandracecell@gmail.com', '$2y$10$WgBoDfY9QUwcXfF3dIdeGuO4SaLw9qMdDTJpmORW6oEbNVxnZsMhC', 'user', '2025-07-16 07:01:42'),
	(25, 'adjoy', 'aadjoy19@gmail.com', '$2y$10$YPekQKxirhvfOt2R1sL3J.JS1W3ZZoLMzzmA.VMCB2XkjVP2G.0hy', 'user', '2025-07-16 07:20:47'),
	(26, 'Salman Nurikhsan', 'raihanhoizuransyabir@gmail.com', '$2y$10$Vox/ODMO.8Bthzl0E/j1mOvLGO7Yf1tGZCjYJkhKJGxe9qE8Bl2uu', 'user', '2025-07-16 07:40:59'),
	(27, 'RAFFI AHMAD FAUZI NASUTION', 'ucoknasutionhoras@gmail.com', '$2y$10$JethrpQaqu8dzQsYMY4CZuFOqDAtT4tpl8L5Rhnq0yZMVhivc711a', 'user', '2025-07-16 08:35:35'),
	(28, 'Amanda Nazwa', 'amandanazw@gmail.com', '$2y$10$H1QNO7EXy.XYPMgcKAXnMuKl9xvfkLVRFy1YgWd475uoHNoTzUwCK', 'user', '2025-07-16 09:26:55'),
	(29, 'vffiorenza', 'vfiorenza124@gmail.com', '$2y$10$WMUO14M/m/3XUOUl5xSiE.943eZU7BWcWstSMsTLPC.maUg5LEpdW', 'user', '2025-07-16 09:28:32'),
	(30, 'naomirenata', 'naomirahmanyrenata@gmail.com', '$2y$10$AZ.XAXGZyMpPSYfgk/Cr8uzqJxM32soJm20HhWUUn0tgJcIBvW5AG', 'user', '2025-07-16 09:29:22'),
	(31, 'Verisa Ardayani Bilqies', 'verisabilqies@gmail.com', '$2y$10$tGz./yIRYH/NLYmxdrd8WOuelgOBsYMxS0gRprg.vCIMB4Cds8Lwu', 'user', '2025-07-16 09:35:12'),
	(32, 'Nayfa', 'knayfa27@gmail.com', '$2y$10$6Ifa8ixrw3c6cZSCHc63w.fYXBvGDDImRKFUq2iTyZiUgT7aceARa', 'user', '2025-07-16 09:41:33'),
	(33, 'Muhamad fauzan Ahyar', 'paujanahyar715@gmail.com', '$2y$10$WFPOCOD3PmolbsYC2EySVuLhuu.CFDU080dEEPZQL6USjgIYON/a2', 'user', '2025-07-16 09:56:01'),
	(34, 'Abina Ramadhani', 'abinaramadhani@gmail.com', '$2y$10$9TmvCAhTuKaSpnQwBqtTx.vZTe7CRzdslc.g/QgxM.tqzyPRKFFlu', 'user', '2025-07-16 10:21:00'),
	(35, 'rifdaaaa', 'narisaeni@gmail.com', '$2y$10$0NxOMxLn0dCpFJVVBmkBPemdYaDC6VZPw0d.QAC9b7o9r82upbSae', 'user', '2025-07-16 10:32:23'),
	(36, 'Alfi Widya Kinanti', 'awidyaakinanti@gmail.com', '$2y$10$NN3ih8bwLTkTBYWoVdII1.hXqOHXBH2BmKNyRO9D.Bs93Rft5XiLa', 'user', '2025-07-16 10:59:38'),
	(37, 'raraa', 'azraabatrisyia2808@gmail.com', '$2y$10$gT45b2vJMVskS4tjzq8/UODqcfrcFHH58bnu9t/UQIOcRK4BnP/2C', 'user', '2025-07-16 11:03:41'),
	(38, 'naylalala', 'naylamumin73@gmail.com', '$2y$10$dSAzBgr6Nf7LHmhBFLDQGOm6xUqNADju3dXePV1koEj6LdirGA2QW', 'user', '2025-07-16 11:44:32'),
	(39, 'M Rayhan Al-Fajri', 'mrayhanalfajri879@gmail.com', '$2y$10$npRsN5W3Ot7d74QlxxA57u75nzqJdyXff.8WjAdhgxsVggZm5dILS', 'user', '2025-07-16 12:30:45'),
	(40, 'Sopii', 'sopiaakhoerunnisaaa@gmail.com', '$2y$10$1/BdG4OmAC9SXYNkCKd6LurgTrrjFEuQWBR.Tf4GivVnMjm7.LoX2', 'user', '2025-07-16 15:14:46'),
	(41, 'raplehensem', 'hensemraple@gmail.com', '$2y$10$tBIZnLqOzk6rmL2q6ixIvOgTNlpEP0ga6RO3jZz8/XcYv87b4I9B2', 'user', '2025-07-16 15:54:17'),
	(42, 'wafafafa', 'wafaazizah1209@gmail.com', '$2y$10$.RaWwDbE9vpJf.wlOXQIqOWFy5fkB3HtnUULYkWgPKc2JkohRwe96', 'user', '2025-07-16 23:43:37'),
	(43, 'Athaya Zarifah', 'atayazarifah@gmail.com', '$2y$10$Wnx50E0hNQvxbINhlb6mm.aGmhDPmwNzl1TbBUwhfv.VSboos88K.', 'user', '2025-07-17 00:36:42'),
	(44, 'nabilla putri', 'nabillaputrimulianadewinabilla@gmail.com', '$2y$10$9y2JVM3M8ieZpOifTAaJD.2NGJeVkVqGX/01EVPY8cR6t5h/y/phi', 'user', '2025-07-17 00:42:20'),
	(45, 'azzura', 'zasyauqi@gmail.com', '$2y$10$LTEfed8PlbS3mZ39ozFnMepck4x1uvnetmSkzFfZdm.w7aHdEm56e', 'user', '2025-07-17 00:49:38'),
	(46, 'm.dzaki faidlurrahman', 'dzakinakal21@gmail.com', '$2y$10$TqAEf9.fvsJ1Yt/ufXFvSeZ4soJiFTL5yM4EeYBk7gPAUBPpnGmK.', 'user', '2025-07-17 00:50:48'),
	(47, 'dirul', 'dinierna992@gmail.com', '$2y$10$M.01rEhpf400zlLqZXFyceVEJwUo5SvjQjltibxFlR00I4xrl/GxS', 'user', '2025-07-17 01:00:57'),
	(48, 'Kiara anandhita', 'anandh1ta.kiarra@gmail.com', '$2y$10$OHiHKSufbd/SRof4XV8gXulbiXJYf9s5rCXPT.QBH93nR3bdXGxLq', 'user', '2025-07-17 01:22:01'),
	(49, 'Akbar', 'inicarague123@gmail.com', '$2y$10$kSuLpAwn2MJgEjEPxDkS5.dIkCaRAtyBWPjjgM1XlP0GFh20BISLO', 'user', '2025-07-17 01:48:54'),
	(50, 'muhammad almer', 'almersakhi90@gmail.com', '$2y$10$N9Otbzpzs.zeujFCgm/KieDPBh89qxvpOrCzbwQtHTHeZnE7dU99u', 'user', '2025-07-17 02:23:33'),
	(51, 'Sandrica', 'sandricasalsabila00@gmail.com', '$2y$10$CIPTaixV/T.9kaqIGMifEulUu6JGYXTnqZOECnxnjXbTo8Bng5UYy', 'user', '2025-07-17 04:35:43'),
	(52, 'anggiep', 'anggiepuspitasari2@gmail.com', '$2y$10$6w3QRxTRQGswSK250fz1rOibWrDpXhWEAV5bxz6J.AZqxqFLl1A3m', 'user', '2025-07-17 05:36:01'),
	(53, 'Fachri Aliansyah', 'fahrialiansya@gmail.cAom', '$2y$10$WHhWEcOH/.OEI6MGl.tzIO.B2i0HKmpd/6f/uGOdM7viZY9q2V876', 'user', '2025-07-17 06:21:00'),
	(54, 'azna', 'nurronianashifah@gmail.com', '$2y$10$0V598gCOX08dhGzOGBCwueIFBzgFjKi4ZblfShM3imQyTjubVSiNO', 'user', '2025-07-17 08:07:55'),
	(55, 'hafiz pratama', 'hfzpratama5@gmail.com', '$2y$10$uXgmYI3.17AQyvP0lDjYA.srQpqY04teyG5o8zXRCP61/jlbynq0W', 'user', '2025-07-17 08:25:15'),
	(56, 'kakayie', 'shwtykeeey@gmail.com', '$2y$10$UOKxCcYyfQiSeBbXnjjijOZqP8vS5GOIxkp5euAwPoSfYsuz6P9kO', 'user', '2025-07-17 09:09:43'),
	(57, 'calon', 'restudian553@gmail.com', '$2y$10$F/ow0uGXY6kt7rCVPNfMkOII5GDZoGjh.mSIKk20dq3RYJOfkF9FS', 'user', '2025-07-17 11:02:25'),
	(58, 'Vrisil dera anastasya', 'vrisildera@icloud.com', '$2y$10$.D6Vuwh5Bl1Kk3mhoLpHCO3sqahx7R95k8fa4mLBfqZ3GsQFRLypG', 'user', '2025-07-17 12:27:14'),
	(59, 'Nadya Aulia.N', 'Nadyaaulianingsih02@gmail.com', '$2y$10$CdgvV4eUww7VdkJseSKmdOMXn.14kSd.ntEaVeUIdHZaTpdbE4mme', 'user', '2025-07-17 12:42:29'),
	(60, 'Pradita Prameswari Putri Rahayu', 'dtralala81@gmail.com', '$2y$10$GAd.A8sDFVFVKOamEFhdEebaoo5bvhipulA9boQWFA0H.UKIpOd9i', 'user', '2025-07-17 12:46:51'),
	(61, 'keyladzahr@', 'dedenalfatih9@gmail.com', '$2y$10$B5ZS68o4Bh3e38skUqW3qOiTaRr5FRd3aXD2Sud./aaZqUY7c.Yz2', 'user', '2025-07-17 12:50:12'),
	(62, 'Lucky', 'smin.bangspes@gmail.com', '$2y$10$buYrb1GaRYn28rSSsr.iF.VtAtBK01P5IZUpQBdZ87gKxdPue7Sn6', 'user', '2025-07-17 12:58:10'),
	(63, 'Nadya Aulia Ningsih', 'yuyunsriyuningsih517@gmail.com', '$2y$10$.ykwEoQjnbngdZOb9yP2fO3a5N47XNUhc4RJZjU5pziTNhsBc5jVy', 'user', '2025-07-17 13:13:58'),
	(64, 'Safa Salsabila Fauziyah', 'safasalsabil129@gmail.com', '$2y$10$.Vkp8vCoHRba7D3k5SfKbeMzJd.CCsC2yPC8IOAA/UHmk2IyZ3j4m', 'user', '2025-07-17 15:50:41'),
	(65, 'sabrina humaira sakhi', 'sabrinahumaira885@gmail.com', '$2y$10$JyAoq.fa3aNcFoS2nks1sOgDiAs6aaYxXjDUwSgXCyDpDu3CP7QDa', 'user', '2025-07-18 01:05:04'),
	(66, 'Cakasanarasendriyadelano', 'cakasanarasen@gmail.com', '$2y$10$hYPWivP6joXtX5sRgwXAeeH5.Fle7zgdl/ZJxFG69vr0vPHObdM3q', 'user', '2025-07-18 02:59:59'),
	(67, 'Ridho Sedayu', 'muhammadridhobhogowontosedayu@gmail.com', '$2y$10$49KGd444A6qSjAYH9EVRP.cu67PmOMCCK1rfqlYhnliCfvQ45kwZC', 'user', '2025-07-18 03:40:03'),
	(68, 'Zaskya Wulandari', 'zaskyawulandari23@gmail.comz', '$2y$10$HNmnC8gfPrYs1/FuMK2mse/VJAqbyxdY2KTIU6fm.Yko7B2e2FBDK', 'user', '2025-07-18 05:04:54'),
	(69, 'Nazwa Nurhikmah', 'nzwawa93@gmail.com', '$2y$10$G1dIg77HJxIHL0guuv.tT.NHTOh134m1vJYgned8oEtbnAYP7O4hO', 'user', '2025-07-18 07:49:09'),
	(70, '0107120810', 'rizky6866358@gmail.com', '$2y$10$cG14KkJbl3b9Xde.E4k0TOO0bvfuW2ts19E7s/jz8oQe7sq8mYyc6', 'user', '2025-07-18 13:35:12'),
	(71, 'thaariq10', 'thoooreyqq@gmail.com', '$2y$10$0/ZgiSUAcMayV9vQEJ3ZyecyC0qhAC1mvV5X3JGhsHg7qdv.2KKDy', 'user', '2025-07-18 13:37:30'),
	(72, 'nur yuliana zara', 'yulianazahra@gmail.com', '$2y$10$dJCwU2HtDdZwq9YstM1dfOC35vrtBT94hya1O0VStG/N3bp0Y93fW', 'user', '2025-07-19 02:40:02'),
	(73, 'Agitsni Raisa Ramadhani', 'araisar@gmail.com', '$2y$10$5/CLTadZtrEkpSZH.45F8.y.Pz2E8Uy52CkXa.iO.BLMzB429wIwS', 'user', '2025-07-19 03:04:27'),
	(74, 'zaskia aprilianti', 'sitiaisyahmandidikali@gmail.com', '$2y$10$skiuhSHcZTFTgrD5eOOD8.RF/5knI54w8eOPd.8X1yXBktCaXKHPS', 'user', '2025-07-19 04:06:16'),
	(75, 'firyalariqah', 'ariqahfiryal5@gmail.com', '$2y$10$SM.YJGXQPBM8ts87XNBtb.hJBNFcUzifKgHWWRn/FlnEjQPFzugrq', 'user', '2025-07-19 05:32:36'),
	(76, 'shelfani ramadhina', 'shelfani2008@gmail.com', '$2y$10$mKbcAzY0FaEeZWkeGY9dtuOCda0gIUHO20GHE3h2w.pMvnbxvywgG', 'user', '2025-07-19 06:43:32'),
	(77, 'safira', 'safirah165@gmail.com', '$2y$10$w.Nut6nzTjxBzLCSM09TIO0afqygT4YzvkCXoqaJ.DgHEASxvzbp6', 'user', '2025-07-19 07:54:34'),
	(78, 'safwah rinjani', 'karadenannurjanah@gmail.com', '$2y$10$D/4YWLAYtZrOYJJU015xi.jRIIP9/a9cmUfAu9qE1XlDWZIo/cu3y', 'user', '2025-07-19 09:11:54'),
	(79, 'dihan', 'dihandanuu@gmail.com', '$2y$10$zyaw.4kD8TbLpKXb878fruI4cHchGmn/UYkHV/6isE8nNhDm3f1Q.', 'user', '2025-07-20 06:22:12'),
	(80, 'Dihan Danu Prasetyo', 'dihandanu9@gmail.com', '$2y$10$TycVIgLifXTZ7tmnRhfNcun7Qgwb5a7kTWKV4KvgCAc0.yKUB50Ui', 'user', '2025-07-21 04:51:44'),
	(81, 'Zahiya kamilia', 'kamarzahiya@gmail.com', '$2y$10$iwGlJX51i0VNHtO5CqQwvujTc8I6UW6sfPJgUCEwK0dtwB/HARR6i', 'user', '2025-07-21 13:20:42'),
	(82, 'Pramudya', 'ppramudyayudha@gmail.com', '$2y$10$nN.GGMmvzwpxe2QdDzYdl.VkuCn3VdwRFwZGEYYTrVRio33L8XLK2', 'user', '2025-07-21 14:45:04'),
	(83, 'arkan', 'ferditaarkan0@gmail.com', '$2y$10$Lq8VSPkO6su96X7/WiynIuLc8A488FjxxEIhRTBYw6h.vrtNwosda', 'user', '2025-07-22 09:49:21'),
	(84, 'Agitsni Raisa R', 'araisar27@gmail.com', '$2y$10$BZDFJOT9tArx1Px6N/oymOB.JLGjXfdB29M7TlIzPIqrX4ZeCLffe', 'user', '2025-07-22 12:26:56'),
	(85, 'Zayin Al-Waykanani', 'zynnwyknn@gmail.com', '$2y$10$R5GfXqqbFPwfvNnWK7I1Euayj9R0yMQMR57cvl8it7x7oA8wZroG2', 'user', '2025-07-23 08:33:31'),
	(86, 'Salsabilah Jian Az-zahra', 'salsabilahjian@gmail.com', '$2y$10$WMPrWYkgt4i.J1ZAhltnWuWY4RT5JXAZE9lG.pNefJr.JUj49Imfy', 'user', '2025-07-23 12:42:00'),
	(87, 'naura', 'aroelkomeng13@gmail.com', '$2y$10$V2Eqb.LJRsst6VolXlZAhObzbR52sPTo00LK/ytI9PCzPu7X1UJ1.', 'user', '2025-07-24 10:30:02'),
	(88, 'nabilla', 'nabillaputrimulianadewi@gmail.com', '$2y$10$6fH94dnzMtq3OL4MBzH6l.vYKygTLAj5pM.4dcOwx2.uG.T2BuUAO', 'user', '2025-07-25 09:23:08'),
	(89, 'Wafa alya', 'alyawafa9@gmail.com', '$2y$10$S7yLArJXZdeumljhSakU6OCWwM0TZqyj.UKLPP54TA61q.UEtZ4ry', 'user', '2025-07-25 09:43:46'),
	(90, 'Tes123', 'fahrisetya@gmail.com', '$2y$10$r2.bBH2UFkjkZysHy3RMgOh6pvB6gaAbbuGzJrLuXMRveVjaflBx.', 'user', '2025-07-27 03:54:47'),
	(91, 'nur yuliana zahra', 'zahrayuliana94@gmail.com', '$2y$10$5uPyGphsuHNLeIqQ0vSMRuFwfHMNx63PtoJLRumRmtPTwNT7LnN3u', 'user', '2025-07-31 14:27:01'),
	(92, 'Mutia Nurmala Zein', 'mutianrmlz@gmail.com', '$2y$10$AcRnzR5AcDjROATaTRl6RORheazOSj/CQcQEpfo1u790NMZsWXK5e', 'user', '2025-08-08 09:33:22'),
	(93, 'mutianrmlz', 'mutianurmala396@gmail.com', '$2y$10$4W9MGaOgOUMjQP3YTsMl1.gS8xJtjIW4kZsrxaSRnWZTIw.qFO4W.', 'user', '2025-08-08 09:37:31'),
	(94, 'velltempest', 'velltempest@gmail.com', '$2y$10$uI5viVMYfTqi97VVoy6BUefuh3PbSzOWtEeA1aW07j8RujjvbmJJu', 'user', '2025-08-14 19:44:01'),
	(95, 'Dihandanu', 'dihandanudihan@gmail.com', '$2y$10$59ody6Fc2/Cs6dXBGy.0Ce6Sgzo9vjeKnI0TV8mrYxrQD4/0izm.G', 'user', '2025-08-22 09:25:12'),
	(96, 'azra', 'azrabatrisyia869@gmail.com', '$2y$10$tdhtL/MinS6ZlZMyqR/Ede33Ar4T0rEF5YagfrrZyzB4MxlYtMJwm', 'user', '2025-08-27 09:51:43'),
	(97, 'Cakasana rasendriya delano', 'thejubel222@gmail.com', '$2y$10$WmyEbUR6U3/2RRok.3HB5OVbdpoFyiH5sNcEs63HkjjsJE.V4GL22', 'user', '2025-08-27 09:53:35'),
	(98, 'Baraka wasim suwandi', 'Barakoyko23@gmail.com', '$2y$10$J5id.mrVDfcJT7//7AFsWeplmIszJqCDgQnshz.H2pPtwsxQBZf/G', 'user', '2025-08-29 09:12:03'),
	(99, 'Rifki Zidni Alfiyani', 'alfiyanizidni@gmail.com', '$2y$10$qS8J7BOM./wwZ4onWwY3l.sK9RuxYZ3SnoO0TMDSpQKMis8JVkvIu', 'user', '2025-08-29 09:12:06'),
	(100, 'Dihan dp', 'hanzy090410@gmail.com', '$2y$10$N8zAFKsgnLIR9puAeGDgueqxOzIE.F8Xb3Cw.zDUwJqXSOp2CP2R.', 'user', '2025-09-19 09:14:45'),
	(101, 'Farhat Zulhilmi', 'farhatzulhilmi@gmail.com', '$2y$10$dfPPmXJCi/bstC2tH0viZu1MuHh9G4h26/rtrfQgz5VSMldf2ORlO', 'user', '2025-09-19 10:51:12'),
	(102, 'Baraka wasim', 'b93067876@gmail.com', '$2y$10$lt/7NHy12A8HYZ2CTNkQHur.WGWLrWdS7VjtVhhcHGm8/opDc5ZuS', 'user', '2025-09-22 15:52:24'),
	(103, 'Dihan danu', 'percobaanp419@gmail.com', '$2y$10$n2x0fJ/t90xUStLvLJjXx.rBI3uikWZhh.GBRS/bBNe7W1fwZXPdG', 'user', '2025-09-26 08:35:20'),
	(104, 'NADYA AULIANINGSIH', 'muhammadfikrifirmananda@gmail.com', '$2y$10$DoqUScoRStCu47tbHnj05eF8mYUzExWycgm7irMdgjYKOxa7BgiaW', 'user', '2025-09-26 08:52:01'),
	(105, 'Zaskia', 'sumawijaya@gmail.com', '$2y$10$aDNi0zzX7ms2nhe0faev7.dIXTkrPDJor1vLGwo9WIZJUvfMtmxoe', 'user', '2025-10-03 09:14:25'),
	(106, 'Neni ismaya', 'neniismaya@gmail.com', '$2y$10$mNvU9axBI84Vt5C4lulubed1rfuin9YYEClZGUGBrlKXyWG5uyV6e', 'user', '2025-10-04 06:34:50');

/*!40103 SET TIME_ZONE=IFNULL(@OLD_TIME_ZONE, 'system') */;
/*!40101 SET SQL_MODE=IFNULL(@OLD_SQL_MODE, '') */;
/*!40014 SET FOREIGN_KEY_CHECKS=IFNULL(@OLD_FOREIGN_KEY_CHECKS, 1) */;
/*!40101 SET CHARACTER_SET_CLIENT=@OLD_CHARACTER_SET_CLIENT */;
/*!40111 SET SQL_NOTES=IFNULL(@OLD_SQL_NOTES, 1) */;
